产品编号,日期,班次,操作员,工序1_下料(s),工序2_加工(s),工序3_装配(s),工序4_检测(s),工序5_包装(s),停机时间(s),总工时(s)
P00001,2026-01-01,白班,王五,13.87,19.04,25.4,14.61,10.79,0.0,83.70999999999998
P00002,2026-01-01,白班,李四,13.96,18.8,28.67,13.86,8.84,0.0,84.13000000000001
P00003,2026-01-01,白班,李四,11.53,17.11,21.98,16.36,9.95,0.0,76.93
P00004,2026-01-01,夜班,赵六,11.07,18.1,39.31,16.26,11.84,8.32,96.58000000000001
P00005,2026-01-01,白班,刘洋,10.83,16.64,30.57,12.87,10.77,0.0,81.67999999999999
P00006,2026-01-01,夜班,陈强,12.66,19.15,39.31,16.49,8.43,12.76,96.03999999999999
P00007,2026-01-01,白班,刘洋,10.71,18.37,29.81,14.68,9.43,0.0,83.0
P00008,2026-01-01,白班,陈强,10.5,17.58,30.07,17.61,11.15,0.0,86.91
P00009,2026-01-01,白班,王五,13.07,17.11,28.4,15.4,9.03,0.0,83.01
P00010,2026-01-01,夜班,张三,11.21,19.39,31.94,14.2,10.6,0.0,87.34
P00011,2026-01-01,夜班,李四,12.62,19.12,21.81,13.6,11.61,0.0,78.75999999999999
P00012,2026-01-01,夜班,陈强,14.07,19.94,32.08,13.76,9.96,0.0,89.81
P00013,2026-01-01,白班,陈强,13.06,21.41,23.91,12.58,10.38,0.0,81.33999999999999
P00014,2026-01-01,白班,刘洋,11.97,19.43,27.99,13.46,10.88,0.0,83.72999999999999
P00015,2026-01-01,白班,张三,11.4,18.86,31.72,15.72,11.55,0.0,89.25
P00016,2026-01-01,白班,张三,14.09,14.93,19.68,13.64,11.94,0.0,74.28
P00017,2026-01-01,夜班,李四,11.76,19.52,30.07,14.84,8.91,0.0,85.1
P00018,2026-01-01,白班,刘洋,13.77,17.97,29.21,15.14,10.35,0.0,86.44
P00019,2026-01-01,夜班,张三,11.12,16.98,28.59,14.64,9.54,0.0,80.87
P00020,2026-01-01,白班,刘洋,12.69,18.39,29.62,14.48,10.74,0.0,85.92
P00021,2026-01-02,白班,赵六,10.59,19.9,37.66,15.69,7.45,11.02,91.28999999999999
P00022,2026-01-02,夜班,赵六,11.89,19.24,29.21,15.58,9.73,0.0,85.65
P00023,2026-01-02,白班,张三,11.03,20.59,34.19,16.51,12.25,0.0,94.57000000000001
P00024,2026-01-02,夜班,赵六,13.0,19.39,29.41,19.06,10.15,0.0,91.01
P00025,2026-01-02,白班,张三,12.97,21.67,31.13,16.46,9.65,0.0,91.88
P00026,2026-01-02,白班,陈强,15.33,17.09,30.62,17.61,9.65,0.0,90.30000000000001
P00027,2026-01-02,夜班,张三,12.0,18.91,31.77,18.4,9.26,0.0,90.34
P00028,2026-01-02,白班,李四,11.91,15.69,26.8,17.14,9.66,0.0,81.2
P00029,2026-01-02,白班,李四,9.97,16.85,21.8,19.09,8.22,0.0,75.93
P00030,2026-01-02,白班,王五,10.51,18.16,24.41,15.31,9.58,0.0,77.97
P00031,2026-01-02,白班,李四,12.19,19.76,21.4,14.51,9.49,0.0,77.35
P00032,2026-01-02,白班,李四,13.67,15.89,31.4,15.43,11.39,0.0,87.78
P00033,2026-01-02,夜班,刘洋,10.69,19.24,32.81,12.9,9.63,0.0,85.27
P00034,2026-01-02,夜班,刘洋,12.81,20.87,36.57,13.63,12.19,0.0,96.07
P00035,2026-01-02,白班,赵六,11.69,17.74,29.62,15.25,7.85,0.0,82.14999999999999
P00036,2026-01-02,夜班,张三,13.74,17.27,38.56,13.84,9.75,8.11,93.16
P00037,2026-01-02,白班,赵六,13.31,,23.55,15.51,10.08,0.0,62.449999999999996
P00038,2026-01-02,白班,赵六,11.99,16.85,29.69,14.58,10.42,0.0,83.53
P00039,2026-01-02,白班,张三,12.05,20.52,23.98,12.79,10.98,0.0,80.32000000000001
P00040,2026-01-02,白班,陈强,12.7,20.23,24.25,17.52,11.5,0.0,86.2
P00041,2026-01-03,白班,张三,11.45,18.22,24.18,13.5,11.19,0.0,78.53999999999999
P00042,2026-01-03,夜班,李四,11.19,19.2,27.02,19.01,10.87,0.0,87.29
P00043,2026-01-03,白班,刘洋,9.56,16.73,35.92,14.74,9.89,0.0,86.84
P00044,2026-01-03,夜班,王五,12.01,17.99,46.04,14.98,10.57,15.76,101.59
P00045,2026-01-03,白班,陈强,13.25,19.41,22.88,14.6,12.67,0.0,82.80999999999999
P00046,2026-01-03,夜班,刘洋,12.02,17.1,27.49,16.67,11.89,0.0,85.17
P00047,2026-01-03,白班,刘洋,12.4,16.0,26.47,14.9,9.54,0.0,79.31
P00048,2026-01-03,夜班,赵六,14.7,19.84,22.95,10.0,8.15,0.0,75.64
P00049,2026-01-03,白班,陈强,12.67,18.47,26.84,14.39,10.58,0.0,82.95
P00050,2026-01-03,夜班,陈强,10.01,17.32,26.48,12.25,10.14,0.0,76.2
P00051,2026-01-03,白班,李四,13.15,18.06,28.83,17.96,12.04,0.0,90.03999999999999
P00052,2026-01-03,白班,刘洋,12.01,17.71,30.53,16.37,8.88,0.0,85.5
P00053,2026-01-03,夜班,刘洋,13.39,20.89,33.09,14.82,8.28,0.0,90.47
P00054,2026-01-03,夜班,李四,12.56,21.07,29.77,14.52,9.87,0.0,87.79
P00055,2026-01-03,白班,陈强,11.54,18.25,27.39,15.58,10.9,0.0,83.66000000000001
P00056,2026-01-03,白班,赵六,14.96,18.11,34.26,15.36,11.2,0.0,93.89
P00057,2026-01-03,白班,陈强,9.08,17.94,32.74,14.28,11.44,0.0,85.48
P00058,2026-01-03,白班,陈强,10.91,14.47,27.39,14.96,10.86,0.0,78.59
P00059,2026-01-03,白班,刘洋,12.47,20.25,29.6,14.41,11.07,0.0,87.80000000000001
P00060,2026-01-03,白班,张三,11.56,20.53,27.34,13.9,8.48,0.0,81.81000000000002
P00061,2026-01-04,白班,王五,13.03,17.7,27.02,12.92,11.86,0.0,82.53
P00062,2026-01-04,夜班,王五,11.65,16.65,30.39,16.05,8.46,0.0,83.19999999999999
P00063,2026-01-04,白班,刘洋,12.74,19.8,22.71,13.64,11.2,0.0,80.09
P00064,2026-01-04,夜班,刘洋,11.81,19.24,40.76,16.64,9.71,0.0,98.16
P00065,2026-01-04,白班,刘洋,11.57,19.47,27.49,14.04,9.15,0.0,81.72
P00066,2026-01-04,白班,李四,13.82,15.87,27.78,16.38,9.03,0.0,82.88
P00067,2026-01-04,白班,陈强,14.14,20.71,30.44,15.03,9.88,0.0,90.2
P00068,2026-01-04,白班,刘洋,9.04,20.86,43.81,14.39,9.71,21.34,97.81
P00069,2026-01-04,白班,王五,11.11,17.25,26.05,15.32,9.98,0.0,79.71
P00070,2026-01-04,夜班,王五,12.74,20.45,51.12,17.82,11.87,15.88,114.0
P00071,2026-01-04,白班,赵六,12.18,21.94,29.42,13.33,11.85,0.0,88.72
P00072,2026-01-04,白班,陈强,10.81,16.18,29.78,16.59,7.87,0.0,81.23
P00073,2026-01-04,夜班,王五,16.1,20.58,26.92,15.52,11.45,0.0,90.57000000000001
P00074,2026-01-04,白班,刘洋,11.33,18.28,37.48,12.51,8.82,0.0,88.42000000000002
P00075,2026-01-04,夜班,陈强,11.44,21.11,30.19,16.15,13.55,0.0,92.43999999999998
P00076,2026-01-04,白班,陈强,13.78,18.02,28.13,17.51,11.35,0.0,88.78999999999999
P00077,2026-01-04,白班,赵六,13.49,16.74,27.09,17.56,7.88,0.0,82.75999999999999
P00078,2026-01-04,白班,王五,15.25,17.57,27.93,14.21,10.11,0.0,85.07000000000001
P00079,2026-01-04,白班,张三,13.19,19.95,28.59,17.76,11.78,0.0,91.27000000000001
P00080,2026-01-04,白班,李四,12.44,17.72,20.55,14.7,10.58,0.0,75.99
P00081,2026-01-05,白班,张三,13.04,18.16,31.17,17.54,11.06,0.0,90.97
P00082,2026-01-05,白班,张三,13.39,18.3,29.72,13.3,9.7,0.0,84.41
P00083,2026-01-05,白班,刘洋,10.33,19.21,22.98,13.68,10.29,0.0,76.48999999999998
P00084,2026-01-05,夜班,张三,14.32,14.86,32.06,17.16,10.51,0.0,88.91000000000001
P00085,2026-01-05,白班,王五,12.88,20.37,23.81,15.44,9.61,0.0,82.11
P00086,2026-01-05,夜班,陈强,13.44,18.3,29.12,14.81,10.06,0.0,85.73
P00087,2026-01-05,夜班,王五,13.75,16.84,34.43,10.64,8.41,0.0,84.07
P00088,2026-01-05,白班,张三,12.98,21.23,30.58,14.93,9.11,0.0,88.83
P00089,2026-01-05,夜班,王五,11.83,16.71,20.77,14.13,9.84,0.0,73.28
P00090,2026-01-05,白班,赵六,12.29,19.94,28.2,12.42,9.01,0.0,81.86000000000001
P00091,2026-01-05,夜班,王五,11.64,19.86,38.77,17.08,10.34,0.0,97.69000000000001
P00092,2026-01-05,夜班,赵六,11.85,25.04,29.17,13.75,11.06,0.0,90.87
P00093,2026-01-05,夜班,刘洋,10.02,19.98,24.36,14.38,11.75,0.0,80.49
P00094,2026-01-05,白班,王五,10.82,15.8,26.87,16.27,10.03,0.0,79.79
P00095,2026-01-05,夜班,张三,13.61,19.14,24.12,12.75,9.32,0.0,78.94
P00096,2026-01-05,白班,刘洋,9.12,21.12,33.49,13.61,9.84,0.0,87.18
P00097,2026-01-05,白班,张三,12.79,17.71,25.39,12.73,10.28,0.0,78.9
P00098,2026-01-05,夜班,李四,10.46,18.48,28.18,14.56,11.22,0.0,82.9
P00099,2026-01-05,夜班,赵六,10.06,19.76,38.76,14.58,8.94,0.0,92.1
P00100,2026-01-05,夜班,李四,11.71,16.37,21.95,13.13,10.76,0.0,73.92
P00101,2026-01-06,白班,赵六,12.38,19.09,32.97,14.46,10.77,0.0,89.67
P00102,2026-01-06,白班,陈强,10.42,16.41,21.19,15.69,9.13,0.0,72.83999999999999
P00103,2026-01-06,白班,陈强,12.58,20.41,26.07,14.88,10.95,0.0,84.89
P00104,2026-01-06,夜班,刘洋,12.07,,29.34,13.4,10.21,0.0,65.02
P00105,2026-01-06,夜班,陈强,8.74,21.5,25.25,12.23,10.22,0.0,77.94
P00106,2026-01-06,夜班,赵六,14.37,18.75,34.84,13.7,9.99,0.0,91.65
P00107,2026-01-06,白班,陈强,10.74,18.33,26.89,12.5,9.53,0.0,77.99000000000001
P00108,2026-01-06,夜班,李四,14.37,21.37,25.54,16.04,9.62,0.0,86.94
P00109,2026-01-06,白班,王五,11.07,18.63,25.89,18.31,11.01,0.0,84.91000000000001
P00110,2026-01-06,白班,陈强,12.22,18.14,27.99,15.1,8.4,0.0,81.85
P00111,2026-01-06,夜班,张三,11.86,15.62,36.22,14.52,8.95,0.0,87.17
P00112,2026-01-06,夜班,陈强,15.07,21.84,32.62,15.27,11.25,0.0,96.05
P00113,2026-01-06,白班,王五,12.5,19.22,19.22,12.64,10.31,0.0,73.89
P00114,2026-01-06,白班,赵六,12.76,21.58,22.9,14.57,11.13,0.0,82.94
P00115,2026-01-06,白班,王五,14.32,18.82,20.54,14.77,11.19,0.0,79.64
P00116,2026-01-06,夜班,王五,12.8,18.93,29.96,11.88,8.99,0.0,82.55999999999999
P00117,2026-01-06,夜班,王五,12.34,19.07,36.83,19.69,8.66,0.0,96.58999999999999
P00118,2026-01-06,夜班,张三,12.39,19.17,27.72,16.29,10.59,0.0,86.16
P00119,2026-01-06,白班,刘洋,11.04,20.79,23.82,17.52,10.23,0.0,83.4
P00120,2026-01-06,白班,陈强,12.36,21.46,24.26,15.07,10.01,0.0,83.16000000000001
P00121,2026-01-07,夜班,王五,13.03,18.01,28.0,9.54,11.3,0.0,79.88
P00122,2026-01-07,夜班,王五,13.02,19.78,29.7,13.08,9.16,0.0,84.74
P00123,2026-01-07,夜班,王五,11.93,16.45,27.6,14.08,11.34,0.0,81.4
P00124,2026-01-07,夜班,王五,11.3,18.29,32.21,16.77,10.32,0.0,88.88999999999999
P00125,2026-01-07,白班,王五,10.7,19.59,24.0,14.83,12.35,0.0,81.47
P00126,2026-01-07,夜班,赵六,10.86,17.8,26.45,13.89,9.85,0.0,78.85
P00127,2026-01-07,夜班,陈强,11.41,22.77,35.48,13.75,9.36,5.15,92.77
P00128,2026-01-07,白班,赵六,11.31,19.51,23.29,13.6,9.1,0.0,76.80999999999999
P00129,2026-01-07,白班,陈强,13.46,16.71,31.8,14.76,9.92,0.0,86.65
P00130,2026-01-07,白班,陈强,10.81,16.09,23.27,15.66,12.19,0.0,78.02
P00131,2026-01-07,白班,刘洋,12.15,19.79,52.18,,9.34,23.6,93.46000000000001
P00132,2026-01-07,白班,王五,10.54,20.0,52.09,16.65,8.47,24.02,107.75
P00133,2026-01-07,白班,王五,12.7,18.44,34.0,15.07,10.01,0.0,90.22000000000001
P00134,2026-01-07,白班,李四,12.65,16.81,30.94,16.25,11.29,0.0,87.94
P00135,2026-01-07,白班,张三,11.47,17.5,24.65,11.87,9.38,0.0,74.86999999999999
P00136,2026-01-07,白班,李四,12.45,17.26,23.81,13.41,11.02,0.0,77.94999999999999
P00137,2026-01-07,白班,李四,13.79,20.92,43.75,16.98,8.5,17.21,103.94000000000001
P00138,2026-01-07,夜班,陈强,12.29,18.1,33.75,15.38,12.16,0.0,91.67999999999999
P00139,2026-01-07,白班,李四,15.55,11.32,26.77,16.3,10.35,0.0,80.28999999999999
P00140,2026-01-07,白班,李四,11.68,18.23,41.54,16.54,11.14,15.4,99.13000000000001
P00141,2026-01-08,白班,李四,10.88,15.96,24.35,14.32,11.17,0.0,76.68
P00142,2026-01-08,白班,王五,10.94,18.01,25.54,14.12,9.33,0.0,77.94
P00143,2026-01-08,白班,李四,14.13,17.33,119.19094094587993,15.23,10.42,0.0,176.30094094587992
P00144,2026-01-08,白班,陈强,12.85,17.24,25.17,19.84,8.61,0.0,83.71
P00145,2026-01-08,夜班,张三,12.38,19.68,24.61,13.8,11.05,0.0,81.52
P00146,2026-01-08,夜班,赵六,13.74,23.54,39.9,14.21,10.85,8.04,102.24000000000001
P00147,2026-01-08,白班,王五,13.58,18.62,26.63,17.43,8.68,0.0,84.94
P00148,2026-01-08,夜班,王五,9.92,19.85,34.38,13.22,8.04,0.0,85.41
P00149,2026-01-08,白班,张三,10.53,19.16,51.56,17.45,10.36,20.11,109.06
P00150,2026-01-08,夜班,张三,10.68,17.86,49.18,16.1,11.32,16.74,105.13999999999999
P00151,2026-01-08,白班,李四,11.19,18.21,44.86,17.01,9.83,15.98,101.1
P00152,2026-01-08,白班,李四,10.62,17.68,27.84,17.07,10.65,0.0,83.86000000000001
P00153,2026-01-08,白班,陈强,14.11,21.11,39.68,18.4,8.02,10.84,101.32000000000001
P00154,2026-01-08,夜班,李四,13.3,20.59,32.11,16.04,9.69,0.0,91.72999999999999
P00155,2026-01-08,白班,李四,11.31,19.22,19.45,14.82,8.72,0.0,73.52000000000001
P00156,2026-01-08,夜班,刘洋,13.16,17.35,27.19,13.7,9.9,0.0,81.30000000000001
P00157,2026-01-08,白班,张三,11.29,17.87,28.79,19.68,8.69,0.0,86.32
P00158,2026-01-08,夜班,陈强,13.46,21.16,30.08,13.51,12.92,0.0,91.13000000000001
P00159,2026-01-08,白班,王五,11.13,21.3,30.74,15.78,9.71,0.0,88.66
P00160,2026-01-08,夜班,陈强,10.45,15.44,30.8,12.98,8.42,0.0,78.09
P00161,2026-01-09,白班,张三,11.91,17.36,23.14,18.1,9.11,0.0,79.61999999999999
P00162,2026-01-09,夜班,赵六,11.82,21.81,31.33,15.62,11.46,8.61,92.03999999999999
P00163,2026-01-09,白班,李四,12.59,16.93,24.35,11.58,10.74,0.0,76.19
P00164,2026-01-09,夜班,王五,11.75,19.1,28.36,15.34,10.48,0.0,85.03
P00165,2026-01-09,白班,刘洋,12.89,17.61,23.84,17.98,12.01,0.0,84.33000000000001
P00166,2026-01-09,白班,刘洋,10.66,12.68,26.71,16.18,9.82,0.0,76.04999999999998
P00167,2026-01-09,白班,赵六,13.82,17.04,33.64,11.82,10.48,0.0,86.8
P00168,2026-01-09,夜班,赵六,15.98,16.3,31.21,17.22,8.97,0.0,89.68
P00169,2026-01-09,夜班,张三,12.61,,57.38,13.03,9.12,24.09,92.14000000000001
P00170,2026-01-09,夜班,王五,11.55,20.48,34.99,14.28,9.23,0.0,90.53000000000002
P00171,2026-01-09,白班,王五,12.16,17.16,28.46,15.64,8.66,0.0,82.08
P00172,2026-01-09,白班,刘洋,14.29,16.56,36.87,15.89,8.01,0.0,91.62
P00173,2026-01-09,夜班,刘洋,12.49,16.88,19.62,17.51,9.13,0.0,75.63
P00174,2026-01-09,白班,李四,9.07,18.66,23.47,19.23,10.98,0.0,81.41000000000001
P00175,2026-01-09,夜班,张三,14.29,20.26,27.19,15.91,9.28,0.0,86.92999999999999
P00176,2026-01-09,白班,陈强,12.34,17.4,24.33,16.73,10.23,0.0,81.03
P00177,2026-01-09,白班,李四,13.2,14.7,31.33,16.88,6.95,0.0,83.06
P00178,2026-01-09,夜班,李四,10.35,21.74,25.86,13.58,10.95,0.0,82.48
P00179,2026-01-09,夜班,张三,11.18,14.14,18.86,14.01,9.83,0.0,68.02
P00180,2026-01-09,白班,王五,9.96,18.88,23.6,11.33,10.0,0.0,73.77
P00181,2026-01-10,夜班,李四,11.04,17.16,33.53,16.96,10.03,0.0,88.72
P00182,2026-01-10,夜班,陈强,13.71,18.25,30.86,18.76,10.43,0.0,92.00999999999999
P00183,2026-01-10,白班,王五,8.9,17.56,21.14,13.99,11.34,0.0,72.93
P00184,2026-01-10,白班,张三,12.61,18.41,25.24,18.03,10.08,0.0,84.36999999999999
P00185,2026-01-10,夜班,赵六,13.45,20.6,31.51,19.19,9.75,0.0,94.5
P00186,2026-01-10,夜班,赵六,10.1,19.11,24.82,13.25,12.16,0.0,79.44
P00187,2026-01-10,白班,陈强,10.71,23.95,28.11,16.59,9.96,0.0,89.32
P00188,2026-01-10,白班,陈强,11.95,16.93,22.64,15.46,9.91,0.0,76.88999999999999
P00189,2026-01-10,白班,赵六,14.0,19.99,28.88,17.16,10.7,0.0,90.72999999999999
P00190,2026-01-10,夜班,刘洋,9.89,19.72,24.51,14.95,10.85,0.0,79.92
P00191,2026-01-10,夜班,刘洋,12.26,19.09,26.13,15.2,7.92,0.0,80.60000000000001
P00192,2026-01-10,夜班,李四,11.2,21.21,27.86,15.86,7.54,0.0,83.67
P00193,2026-01-10,白班,赵六,13.46,16.66,25.98,18.33,11.1,0.0,85.53
P00194,2026-01-10,白班,赵六,13.09,15.35,35.5,16.12,11.73,0.0,91.79
P00195,2026-01-10,夜班,陈强,10.01,21.25,37.25,15.53,10.4,0.0,94.44
P00196,2026-01-10,夜班,李四,9.33,18.59,30.78,16.62,9.11,0.0,84.43
P00197,2026-01-10,白班,张三,13.0,17.42,28.22,15.45,9.99,0.0,84.08
P00198,2026-01-10,夜班,李四,11.19,18.78,33.02,17.56,10.74,0.0,91.28999999999999
P00199,2026-01-10,夜班,张三,12.93,18.55,30.02,13.12,12.1,0.0,86.72
P00200,2026-01-10,白班,赵六,13.4,18.13,32.07,15.59,9.34,0.0,88.53
P00201,2026-01-11,白班,李四,12.83,17.74,24.79,16.75,10.88,0.0,82.99
P00202,2026-01-11,白班,刘洋,12.24,15.57,36.25,16.36,9.31,10.93,89.73
P00203,2026-01-11,白班,陈强,14.31,16.3,24.01,17.66,12.19,0.0,84.47
P00204,2026-01-11,夜班,张三,10.68,23.97,26.85,14.48,11.07,0.0,87.05000000000001
P00205,2026-01-11,白班,李四,10.91,20.58,26.04,13.71,12.21,0.0,83.45000000000002
P00206,2026-01-11,夜班,赵六,13.93,19.8,33.57,13.67,9.03,0.0,90.00000000000001
P00207,2026-01-11,白班,张三,10.05,19.01,28.06,16.61,9.32,0.0,83.05000000000001
P00208,2026-01-11,白班,李四,14.9,13.3,19.61,17.19,11.47,0.0,76.47
P00209,2026-01-11,白班,刘洋,8.31,20.12,48.81,16.67,9.43,20.19,103.34
P00210,2026-01-11,白班,赵六,9.34,19.61,28.93,15.06,9.59,0.0,82.53
P00211,2026-01-11,白班,王五,10.65,18.45,26.99,16.34,10.08,0.0,82.51
P00212,2026-01-11,白班,赵六,11.34,18.96,29.8,12.1,10.01,0.0,82.21000000000001
P00213,2026-01-11,白班,张三,12.47,17.43,20.7,13.42,12.54,0.0,76.56
P00214,2026-01-11,夜班,李四,12.48,17.05,30.87,18.1,10.57,0.0,89.07
P00215,2026-01-11,白班,李四,14.72,15.42,31.0,17.23,8.06,0.0,86.43
P00216,2026-01-11,白班,赵六,11.91,17.15,25.62,13.39,12.13,0.0,80.19999999999999
P00217,2026-01-11,白班,李四,11.75,20.56,25.06,14.36,13.28,0.0,85.01
P00218,2026-01-11,夜班,刘洋,12.86,16.36,35.22,14.9,11.78,0.0,91.12
P00219,2026-01-11,白班,李四,10.78,14.58,28.5,13.87,9.74,0.0,77.47
P00220,2026-01-11,夜班,李四,11.52,20.39,41.89,17.23,11.49,18.17,102.52
P00221,2026-01-12,白班,李四,9.34,19.07,27.77,15.71,11.13,0.0,83.02
P00222,2026-01-12,夜班,王五,12.03,21.21,47.85,9.76,10.53,20.07,101.38000000000001
P00223,2026-01-12,白班,赵六,12.93,17.4,23.68,16.37,10.17,0.0,80.55
P00224,2026-01-12,白班,赵六,11.83,20.14,57.35,15.26,8.16,24.66,112.74
P00225,2026-01-12,夜班,赵六,11.37,19.93,49.27,12.17,8.9,19.96,101.64
P00226,2026-01-12,白班,刘洋,14.49,19.4,23.24,11.25,10.9,0.0,79.28
P00227,2026-01-12,夜班,王五,12.11,19.22,46.6,12.71,11.05,19.7,101.69000000000001
P00228,2026-01-12,夜班,赵六,12.0,17.04,39.82,16.73,8.68,11.61,94.27000000000001
P00229,2026-01-12,夜班,王五,13.2,22.0,34.07,14.96,10.15,0.0,94.38000000000002
P00230,2026-01-12,夜班,陈强,11.28,17.75,30.37,15.79,10.38,0.0,85.57
P00231,2026-01-12,白班,陈强,13.19,18.22,28.26,17.56,8.09,0.0,85.32000000000001
P00232,2026-01-12,白班,赵六,10.26,18.39,33.33,13.94,12.89,0.0,88.81
P00233,2026-01-12,白班,陈强,12.15,17.68,30.82,13.02,9.44,0.0,83.11
P00234,2026-01-12,白班,王五,12.68,20.26,32.43,15.45,11.63,0.0,92.45
P00235,2026-01-12,夜班,李四,11.08,15.5,31.47,13.63,11.09,0.0,82.77
P00236,2026-01-12,白班,陈强,10.58,21.74,19.56,13.67,11.44,0.0,76.99
P00237,2026-01-12,夜班,赵六,11.25,19.0,31.67,11.8,10.6,0.0,84.32
P00238,2026-01-12,夜班,赵六,10.5,18.0,27.37,15.27,9.82,0.0,80.96000000000001
P00239,2026-01-12,夜班,陈强,10.76,16.38,30.01,13.33,11.62,0.0,82.10000000000001
P00240,2026-01-12,夜班,陈强,10.54,17.56,24.93,17.33,9.23,0.0,79.59
P00241,2026-01-13,夜班,王五,11.04,17.3,23.23,18.27,8.95,0.0,78.79
P00242,2026-01-13,白班,张三,10.65,21.13,22.11,17.55,9.15,0.0,80.59
P00243,2026-01-13,白班,李四,13.05,17.63,30.47,14.59,10.26,0.0,86.0
P00244,2026-01-13,白班,王五,12.36,16.41,27.47,15.51,11.24,0.0,82.99
P00245,2026-01-13,夜班,陈强,14.6,17.89,33.16,12.81,10.7,0.0,89.16000000000001
P00246,2026-01-13,夜班,刘洋,9.52,18.01,31.62,14.91,11.13,0.0,85.19
P00247,2026-01-13,白班,李四,12.76,19.01,23.48,15.16,9.16,0.0,79.57
P00248,2026-01-13,夜班,李四,10.13,19.88,28.74,16.08,11.33,0.0,86.16
P00249,2026-01-13,夜班,赵六,10.14,20.35,31.67,14.73,10.83,0.0,87.72
P00250,2026-01-13,白班,李四,14.62,15.05,19.17,15.8,9.75,0.0,74.39
P00251,2026-01-13,白班,张三,12.79,16.34,23.23,15.62,9.37,0.0,77.35000000000001
P00252,2026-01-13,夜班,张三,13.57,,34.79,14.07,10.98,0.0,73.41
P00253,2026-01-13,夜班,李四,11.33,19.19,28.68,13.62,8.81,0.0,81.63000000000001
P00254,2026-01-13,白班,刘洋,12.58,14.96,27.78,18.84,10.24,0.0,84.39999999999999
P00255,2026-01-13,夜班,张三,12.57,17.92,29.69,13.3,10.92,0.0,84.4
P00256,2026-01-13,夜班,赵六,12.35,16.94,30.92,16.47,9.1,0.0,85.78
P00257,2026-01-13,夜班,张三,10.95,19.7,34.48,13.95,10.45,0.0,89.53
P00258,2026-01-13,白班,刘洋,12.03,21.12,31.89,13.17,12.7,0.0,90.91
P00259,2026-01-13,白班,李四,11.48,15.58,31.56,17.52,10.22,0.0,86.36
P00260,2026-01-13,夜班,张三,11.33,19.06,29.48,11.37,9.82,0.0,81.06
P00261,2026-01-14,白班,刘洋,13.11,16.47,33.15,16.74,9.19,0.0,88.66
P00262,2026-01-14,白班,王五,11.21,18.25,30.75,18.07,12.0,0.0,90.28
P00263,2026-01-14,白班,王五,12.96,19.25,27.39,15.52,8.7,0.0,83.82000000000001
P00264,2026-01-14,夜班,张三,11.72,18.56,22.91,15.71,11.32,0.0,80.22
P00265,2026-01-14,白班,赵六,13.26,15.9,22.96,13.63,8.42,0.0,74.17
P00266,2026-01-14,白班,刘洋,14.52,19.31,25.72,12.67,8.74,0.0,80.96
P00267,2026-01-14,白班,陈强,12.67,19.91,38.51,17.2,8.23,0.0,96.52000000000001
P00268,2026-01-14,白班,赵六,13.14,20.27,31.16,11.97,9.0,0.0,85.53999999999999
P00269,2026-01-14,夜班,刘洋,11.62,19.44,25.12,16.5,8.66,0.0,81.34
P00270,2026-01-14,白班,赵六,7.87,18.68,27.15,18.39,7.59,0.0,79.68
P00271,2026-01-14,白班,赵六,10.68,17.59,38.21,14.83,11.28,5.64,92.59
P00272,2026-01-14,白班,李四,12.93,20.74,28.76,14.7,10.11,0.0,87.24000000000001
P00273,2026-01-14,白班,李四,13.88,20.18,177.92337230596866,15.58,9.15,24.95,236.71337230596868
P00274,2026-01-14,夜班,陈强,11.91,20.54,31.65,13.33,8.25,0.0,85.67999999999999
P00275,2026-01-14,白班,李四,13.63,16.0,29.37,14.9,7.81,0.0,81.71000000000001
P00276,2026-01-14,白班,王五,13.15,19.91,32.0,14.29,9.88,8.69,89.22999999999999
P00277,2026-01-14,白班,王五,13.32,20.03,28.54,13.15,10.66,0.0,85.7
P00278,2026-01-14,白班,赵六,12.82,19.01,37.43,14.35,11.63,0.0,95.24
P00279,2026-01-14,白班,刘洋,10.43,19.33,29.82,11.91,10.12,0.0,81.61
P00280,2026-01-14,白班,刘洋,12.18,18.48,27.15,13.66,11.52,0.0,82.99
P00281,2026-01-15,白班,赵六,13.91,15.89,34.26,14.64,9.72,0.0,88.42
P00282,2026-01-15,夜班,赵六,12.02,21.56,31.09,16.84,10.83,0.0,92.34
P00283,2026-01-15,夜班,陈强,12.71,19.94,46.27,16.08,9.95,13.89,104.95000000000002
P00284,2026-01-15,白班,张三,12.26,20.97,25.48,,9.2,0.0,67.91
P00285,2026-01-15,白班,刘洋,12.17,17.99,30.52,13.96,11.19,0.0,85.82999999999998
P00286,2026-01-15,白班,王五,10.05,18.66,27.26,21.23,11.08,0.0,88.28
P00287,2026-01-15,白班,刘洋,10.35,17.05,19.64,13.42,8.34,0.0,68.8
P00288,2026-01-15,白班,张三,13.65,15.77,26.99,17.02,10.17,0.0,83.6
P00289,2026-01-15,白班,陈强,10.46,17.93,29.31,12.78,10.4,0.0,80.88000000000001
P00290,2026-01-15,夜班,王五,12.09,19.77,50.74,13.45,11.01,19.38,107.06
P00291,2026-01-15,夜班,李四,9.58,24.7,37.73,14.27,7.84,0.0,94.11999999999999
P00292,2026-01-15,夜班,刘洋,14.92,15.66,30.02,14.96,12.44,0.0,88.0
P00293,2026-01-15,白班,张三,10.54,16.47,27.1,17.54,8.05,0.0,79.7
P00294,2026-01-15,夜班,赵六,11.97,17.92,28.65,12.08,7.37,0.0,77.99000000000001
P00295,2026-01-15,白班,王五,10.63,18.85,32.48,15.18,9.07,0.0,86.21000000000001
P00296,2026-01-15,白班,李四,12.94,16.42,20.18,16.35,10.07,0.0,75.96000000000001
P00297,2026-01-15,夜班,赵六,7.6,19.38,44.78,17.37,8.36,17.49,97.49
P00298,2026-01-15,夜班,赵六,11.71,18.3,26.78,13.9,9.63,0.0,80.32000000000001
P00299,2026-01-15,白班,李四,11.18,15.92,31.16,16.73,9.57,0.0,84.56
P00300,2026-01-15,白班,刘洋,10.72,18.85,28.34,13.91,10.41,0.0,82.22999999999999
P00301,2026-01-16,夜班,陈强,10.47,19.21,23.62,10.87,10.89,0.0,75.06
P00302,2026-01-16,白班,李四,11.79,16.29,34.0,14.54,12.63,0.0,89.25
P00303,2026-01-16,白班,王五,12.67,15.39,21.93,14.29,10.71,0.0,74.99000000000001
P00304,2026-01-16,夜班,王五,15.11,21.67,32.22,15.68,9.12,0.0,93.80000000000001
P00305,2026-01-16,夜班,陈强,14.16,21.77,23.19,17.89,9.94,0.0,86.95
P00306,2026-01-16,白班,赵六,11.24,22.94,24.86,15.72,9.13,0.0,83.89
P00307,2026-01-16,白班,刘洋,12.62,,35.05,14.28,8.87,0.0,70.82
P00308,2026-01-16,白班,王五,12.78,18.08,22.79,18.75,8.9,0.0,81.30000000000001
P00309,2026-01-16,白班,张三,9.76,19.11,27.67,15.58,9.99,0.0,82.11
P00310,2026-01-16,夜班,赵六,11.94,17.3,32.01,16.64,9.19,0.0,87.08
P00311,2026-01-16,白班,王五,13.86,14.71,31.52,19.18,10.23,0.0,89.50000000000001
P00312,2026-01-16,白班,张三,11.55,19.85,23.26,13.95,11.39,0.0,80.0
P00313,2026-01-16,白班,李四,13.31,20.44,26.85,15.29,10.48,0.0,86.37
P00314,2026-01-16,夜班,王五,12.88,20.27,30.78,14.05,6.68,0.0,84.66
P00315,2026-01-16,夜班,王五,12.61,22.44,31.66,16.07,10.28,0.0,93.06
P00316,2026-01-16,夜班,李四,15.21,20.12,30.39,12.83,8.74,0.0,87.28999999999999
P00317,2026-01-16,白班,王五,11.33,17.49,29.53,12.42,8.45,0.0,79.22
P00318,2026-01-16,白班,张三,11.25,16.46,33.61,11.08,8.88,0.0,81.28
P00319,2026-01-16,夜班,李四,11.01,20.69,28.95,16.87,10.44,0.0,87.96000000000001
P00320,2026-01-16,白班,陈强,15.03,15.49,44.27,19.13,12.91,13.1,106.83
P00321,2026-01-17,白班,王五,12.69,15.66,32.8,18.25,10.7,0.0,90.10000000000001
P00322,2026-01-17,白班,李四,11.29,18.37,30.95,14.44,7.62,0.0,82.67
P00323,2026-01-17,白班,张三,12.52,17.59,22.18,16.94,10.55,0.0,79.78
P00324,2026-01-17,白班,王五,12.09,19.62,27.96,15.9,7.98,0.0,83.55000000000001
P00325,2026-01-17,白班,王五,13.22,17.72,23.09,17.74,10.9,0.0,82.67
P00326,2026-01-17,白班,李四,12.16,18.97,31.95,19.55,10.42,0.0,93.05
P00327,2026-01-17,白班,李四,13.69,18.89,30.21,,8.77,0.0,71.56
P00328,2026-01-17,夜班,王五,12.04,22.33,30.12,16.59,6.67,0.0,87.75
P00329,2026-01-17,夜班,李四,11.17,21.33,35.6,16.1,11.65,0.0,95.85
P00330,2026-01-17,白班,刘洋,13.08,15.67,25.36,14.5,11.66,0.0,80.27
P00331,2026-01-17,夜班,刘洋,13.2,21.65,29.19,15.18,10.53,0.0,89.75
P00332,2026-01-17,夜班,刘洋,9.6,22.88,34.37,16.22,9.34,0.0,92.41
P00333,2026-01-17,白班,李四,11.9,18.05,32.04,13.85,10.3,0.0,86.14
P00334,2026-01-17,白班,王五,14.45,21.47,25.84,9.92,11.67,0.0,83.35000000000001
P00335,2026-01-17,白班,陈强,13.48,22.51,20.78,15.48,13.01,0.0,85.26
P00336,2026-01-17,夜班,李四,12.22,21.89,21.43,16.22,7.68,0.0,79.44
P00337,2026-01-17,夜班,赵六,13.12,19.81,57.56,16.06,11.86,23.54,118.41000000000001
P00338,2026-01-17,夜班,张三,11.42,21.87,34.67,16.65,9.8,0.0,94.41000000000001
P00339,2026-01-17,白班,刘洋,9.72,23.01,35.46,18.2,11.44,7.16,97.83
P00340,2026-01-17,白班,张三,9.65,21.68,34.24,15.22,10.64,0.0,91.42999999999999
P00341,2026-01-18,白班,刘洋,10.16,18.71,29.98,16.98,11.69,0.0,87.52
P00342,2026-01-18,白班,刘洋,14.83,20.04,25.09,14.67,10.04,0.0,84.66999999999999
P00343,2026-01-18,白班,李四,14.09,18.63,27.8,15.47,8.7,0.0,84.69
P00344,2026-01-18,夜班,赵六,10.4,19.52,40.62,15.72,9.59,7.43,95.85
P00345,2026-01-18,白班,刘洋,12.62,19.37,34.04,14.37,11.49,0.0,91.89
P00346,2026-01-18,夜班,李四,11.68,17.96,32.8,12.53,11.18,0.0,86.15
P00347,2026-01-18,白班,陈强,11.37,18.27,30.64,16.82,10.24,0.0,87.33999999999999
P00348,2026-01-18,夜班,陈强,14.17,21.1,27.28,12.35,12.65,0.0,87.55000000000001
P00349,2026-01-18,白班,刘洋,12.54,15.89,30.7,17.07,10.09,0.0,86.28999999999999
P00350,2026-01-18,夜班,李四,11.73,15.77,28.37,16.46,9.71,0.0,82.04000000000002
P00351,2026-01-18,白班,刘洋,11.78,22.68,27.92,12.89,10.15,0.0,85.42000000000002
P00352,2026-01-18,夜班,李四,11.96,16.73,44.54,13.71,9.72,17.16,96.66
P00353,2026-01-18,夜班,李四,10.64,19.34,28.81,18.78,9.95,0.0,87.52
P00354,2026-01-18,白班,刘洋,13.93,16.99,16.16,18.84,10.52,0.0,76.44
P00355,2026-01-18,夜班,刘洋,11.53,19.36,33.29,15.32,12.11,0.0,91.61
P00356,2026-01-18,白班,张三,13.91,18.72,24.44,14.83,9.2,0.0,81.1
P00357,2026-01-18,夜班,李四,14.02,17.33,25.53,14.93,8.38,0.0,80.19
P00358,2026-01-18,夜班,张三,11.34,21.09,29.49,18.25,6.65,0.0,86.82000000000001
P00359,2026-01-18,夜班,李四,10.17,22.48,27.28,12.08,10.58,0.0,82.59
P00360,2026-01-18,白班,刘洋,11.99,,25.72,17.31,8.86,0.0,63.879999999999995
P00361,2026-01-19,白班,陈强,11.08,20.09,26.91,17.2,9.57,0.0,84.85
P00362,2026-01-19,白班,李四,9.37,21.52,23.27,12.36,7.59,0.0,74.11
P00363,2026-01-19,白班,李四,12.34,19.35,34.67,16.02,11.02,0.0,93.39999999999999
P00364,2026-01-19,白班,王五,12.54,18.76,18.56,14.16,8.77,0.0,72.78999999999999
P00365,2026-01-19,白班,王五,14.51,15.18,41.81,18.28,10.33,16.58,100.11
P00366,2026-01-19,白班,赵六,11.97,14.95,30.75,15.02,9.94,0.0,82.63
P00367,2026-01-19,白班,刘洋,11.86,17.75,35.94,16.69,10.95,0.0,93.19
P00368,2026-01-19,白班,陈强,12.8,19.28,27.41,12.71,10.65,0.0,82.85
P00369,2026-01-19,白班,赵六,15.3,,30.33,16.81,11.29,0.0,73.72999999999999
P00370,2026-01-19,夜班,李四,10.19,19.56,24.98,13.55,10.3,0.0,78.58
P00371,2026-01-19,白班,陈强,14.04,20.24,32.11,17.29,11.05,0.0,94.73
P00372,2026-01-19,白班,王五,12.5,21.7,24.34,16.95,10.1,0.0,85.59
P00373,2026-01-19,夜班,王五,11.25,20.44,30.09,18.05,7.13,0.0,86.96
P00374,2026-01-19,白班,刘洋,12.83,15.67,30.89,14.96,9.57,0.0,83.91999999999999
P00375,2026-01-19,白班,李四,14.23,19.24,30.38,15.78,9.01,0.0,88.64
P00376,2026-01-19,白班,刘洋,10.05,16.41,24.01,16.62,10.59,0.0,77.68
P00377,2026-01-19,白班,刘洋,11.44,19.91,29.74,12.93,10.2,0.0,84.22000000000001
P00378,2026-01-19,白班,李四,10.84,18.43,27.33,13.23,10.6,0.0,80.42999999999999
P00379,2026-01-19,夜班,李四,11.57,15.8,28.93,16.11,9.02,0.0,81.42999999999999
P00380,2026-01-19,白班,王五,10.42,16.27,26.39,16.51,9.04,0.0,78.63
P00381,2026-01-20,白班,张三,11.57,17.82,34.26,11.78,11.41,7.76,86.83999999999999
P00382,2026-01-20,夜班,赵六,13.58,17.0,31.25,15.12,11.32,0.0,88.27000000000001
P00383,2026-01-20,白班,李四,10.14,,27.19,15.94,10.3,0.0,63.56999999999999
P00384,2026-01-20,白班,张三,10.22,16.5,21.3,12.5,12.29,0.0,72.81
P00385,2026-01-20,白班,刘洋,12.49,16.89,28.65,12.44,9.28,0.0,79.75
P00386,2026-01-20,白班,张三,13.25,19.01,22.96,17.96,12.12,0.0,85.30000000000001
P00387,2026-01-20,夜班,李四,12.6,18.7,29.14,14.71,10.85,0.0,86.0
P00388,2026-01-20,夜班,张三,14.3,19.56,28.72,15.89,10.51,0.0,88.98
P00389,2026-01-20,白班,王五,12.31,22.61,24.12,13.31,7.93,0.0,80.28
P00390,2026-01-20,白班,张三,12.92,20.57,30.39,13.48,8.8,0.0,86.16
P00391,2026-01-20,白班,张三,11.64,21.17,30.49,18.15,8.5,0.0,89.94999999999999
P00392,2026-01-20,夜班,刘洋,10.02,,35.06,11.36,9.53,0.0,65.97
P00393,2026-01-20,白班,李四,12.13,19.68,31.01,13.9,9.46,0.0,86.18
P00394,2026-01-20,白班,刘洋,9.94,17.81,31.9,16.32,9.09,0.0,85.06
P00395,2026-01-20,白班,王五,13.47,18.22,30.43,13.8,11.94,0.0,87.86
P00396,2026-01-20,夜班,赵六,12.77,20.67,31.51,14.7,12.57,0.0,92.22
P00397,2026-01-20,白班,陈强,12.08,17.52,24.37,16.15,9.48,0.0,79.60000000000001
P00398,2026-01-20,白班,赵六,13.9,17.4,39.29,,11.87,9.78,82.46000000000001
P00399,2026-01-20,白班,刘洋,14.08,17.32,28.13,18.35,10.78,0.0,88.66
P00400,2026-01-20,夜班,赵六,10.54,18.48,32.89,15.86,11.27,0.0,89.03999999999999
P00401,2026-01-21,白班,张三,12.93,20.44,28.57,14.54,9.83,0.0,86.31
P00402,2026-01-21,夜班,王五,7.76,19.15,22.83,18.2,10.95,0.0,78.89
P00403,2026-01-21,白班,陈强,11.2,13.53,23.41,17.27,9.42,0.0,74.83
P00404,2026-01-21,夜班,王五,11.77,23.52,29.08,16.36,9.03,0.0,89.76
P00405,2026-01-21,白班,陈强,12.33,16.71,33.42,14.0,9.53,0.0,85.99000000000001
P00406,2026-01-21,白班,赵六,13.83,18.59,28.04,16.88,10.9,0.0,88.24000000000001
P00407,2026-01-21,白班,陈强,10.15,21.41,33.59,16.8,10.2,0.0,92.15
P00408,2026-01-21,白班,王五,12.86,18.36,19.62,13.33,10.0,0.0,74.17
P00409,2026-01-21,白班,陈强,13.43,19.11,28.54,15.16,7.98,0.0,84.22
P00410,2026-01-21,白班,赵六,13.3,16.04,23.3,14.79,11.53,0.0,78.96000000000001
P00411,2026-01-21,夜班,赵六,11.87,21.25,29.07,15.91,10.81,0.0,88.91
P00412,2026-01-21,白班,赵六,14.56,17.75,43.8,12.23,8.73,16.38,97.07000000000001
P00413,2026-01-21,白班,陈强,11.54,19.7,24.52,16.47,9.24,0.0,81.46999999999998
P00414,2026-01-21,白班,张三,12.42,12.44,73.36409183106015,15.13,9.38,0.0,122.73409183106014
P00415,2026-01-21,白班,赵六,12.95,15.94,28.78,17.84,8.2,0.0,83.71000000000001
P00416,2026-01-21,夜班,赵六,13.7,18.93,25.81,16.19,10.67,0.0,85.3
P00417,2026-01-21,夜班,陈强,9.88,19.2,27.14,15.69,11.4,0.0,83.31
P00418,2026-01-21,白班,王五,7.72,20.2,29.3,12.78,10.34,0.0,80.34
P00419,2026-01-21,白班,李四,11.95,18.63,28.33,14.95,7.75,0.0,81.61
P00420,2026-01-21,白班,赵六,12.13,17.78,31.23,,8.93,0.0,70.07
P00421,2026-01-22,白班,刘洋,12.53,17.89,31.23,16.62,10.46,0.0,88.73000000000002
P00422,2026-01-22,白班,张三,9.0,19.7,31.6,12.63,10.22,0.0,83.14999999999999
P00423,2026-01-22,白班,张三,11.48,16.19,26.28,15.71,8.27,0.0,77.92999999999999
P00424,2026-01-22,夜班,李四,13.41,18.45,30.1,15.33,9.68,0.0,86.97
P00425,2026-01-22,夜班,王五,11.85,23.89,30.42,16.05,9.3,0.0,91.50999999999999
P00426,2026-01-22,白班,王五,11.83,20.22,27.47,14.72,8.74,0.0,82.97999999999999
P00427,2026-01-22,夜班,陈强,13.41,20.71,37.32,15.03,9.95,0.0,96.42
P00428,2026-01-22,白班,刘洋,12.19,20.43,19.78,16.87,10.52,0.0,79.78999999999999
P00429,2026-01-22,夜班,张三,13.75,16.23,33.66,11.28,8.86,0.0,83.78
P00430,2026-01-22,夜班,李四,11.81,18.82,28.17,11.03,11.6,0.0,81.42999999999999
P00431,2026-01-22,白班,李四,11.21,18.81,28.79,9.53,10.13,0.0,78.47
P00432,2026-01-22,白班,李四,11.95,18.25,24.29,15.73,9.86,0.0,80.08
P00433,2026-01-22,白班,陈强,11.01,19.14,36.23,14.75,11.34,11.76,92.47
P00434,2026-01-22,白班,王五,11.61,20.29,24.16,17.05,11.23,0.0,84.34
P00435,2026-01-22,白班,王五,12.05,20.18,27.14,12.95,10.4,0.0,82.72000000000001
P00436,2026-01-22,白班,陈强,11.81,19.56,27.57,12.41,9.12,0.0,80.47
P00437,2026-01-22,白班,赵六,13.26,18.85,23.83,14.7,10.98,0.0,81.62
P00438,2026-01-22,夜班,赵六,10.13,18.76,24.99,13.77,10.4,0.0,78.05
P00439,2026-01-22,夜班,张三,10.21,17.6,30.54,14.62,8.1,0.0,81.07
P00440,2026-01-22,白班,李四,11.6,24.29,46.95,13.28,9.83,23.47,105.95
P00441,2026-01-23,白班,赵六,14.22,16.65,49.63,16.92,12.6,18.12,110.02
P00442,2026-01-23,夜班,赵六,11.93,19.01,25.87,15.34,9.18,0.0,81.33000000000001
P00443,2026-01-23,夜班,王五,11.82,22.5,28.58,12.18,11.87,0.0,86.95
P00444,2026-01-23,夜班,王五,10.73,20.34,27.32,14.36,8.52,0.0,81.27
P00445,2026-01-23,夜班,李四,11.13,18.25,46.41,16.25,10.41,19.59,102.44999999999999
P00446,2026-01-23,白班,刘洋,12.02,19.0,20.08,14.09,9.98,0.0,75.17
P00447,2026-01-23,白班,刘洋,14.39,16.38,27.51,16.51,10.82,0.0,85.61000000000001
P00448,2026-01-23,白班,陈强,10.94,17.04,21.28,14.58,10.65,0.0,74.49
P00449,2026-01-23,夜班,陈强,12.25,15.34,34.26,15.24,8.99,0.0,86.07999999999998
P00450,2026-01-23,白班,陈强,11.27,19.97,26.02,16.95,6.74,0.0,80.94999999999999
P00451,2026-01-23,夜班,刘洋,12.41,19.32,26.85,14.29,10.89,0.0,83.76
P00452,2026-01-23,白班,陈强,11.49,17.55,27.27,13.28,8.36,0.0,77.95
P00453,2026-01-23,白班,李四,11.87,18.53,25.41,14.85,10.99,0.0,81.64999999999999
P00454,2026-01-23,白班,赵六,13.67,19.02,25.93,14.33,10.14,0.0,83.09
P00455,2026-01-23,白班,李四,11.91,15.69,25.3,17.97,8.62,0.0,79.49000000000001
P00456,2026-01-23,夜班,陈强,12.47,20.61,34.82,11.3,9.83,0.0,89.03
P00457,2026-01-23,白班,赵六,10.27,18.89,25.78,15.47,8.68,0.0,79.09
P00458,2026-01-23,白班,张三,10.86,21.67,27.8,18.15,12.53,0.0,91.00999999999999
P00459,2026-01-23,夜班,王五,14.5,20.59,25.65,14.7,10.21,0.0,85.65
P00460,2026-01-23,白班,陈强,12.8,15.6,29.65,15.52,11.2,0.0,84.77
P00461,2026-01-24,夜班,李四,11.34,18.27,26.48,16.52,7.68,0.0,80.28999999999999
P00462,2026-01-24,白班,王五,10.98,16.45,20.6,17.85,10.8,0.0,76.67999999999999
P00463,2026-01-24,白班,陈强,13.54,14.99,45.71,16.56,10.32,20.38,101.12
P00464,2026-01-24,白班,陈强,12.2,17.23,26.69,15.06,8.09,0.0,79.27000000000001
P00465,2026-01-24,白班,赵六,12.53,19.74,29.3,16.76,10.04,0.0,88.37
P00466,2026-01-24,夜班,陈强,11.2,21.17,34.89,16.72,10.35,0.0,94.33
P00467,2026-01-24,白班,王五,10.73,18.72,87.94899479747788,12.9,10.89,0.0,141.1889947974779
P00468,2026-01-24,夜班,张三,11.33,20.27,23.33,14.06,9.73,0.0,78.72
P00469,2026-01-24,夜班,赵六,15.79,16.49,33.08,14.96,8.1,0.0,88.41999999999999
P00470,2026-01-24,白班,陈强,7.91,18.03,23.9,15.84,9.47,0.0,75.15
P00471,2026-01-24,白班,张三,11.24,18.6,30.85,18.4,9.56,0.0,88.65
P00472,2026-01-24,白班,李四,10.57,21.75,32.52,13.87,9.28,0.0,87.99000000000001
P00473,2026-01-24,夜班,张三,12.09,22.49,28.29,16.36,8.27,0.0,87.49999999999999
P00474,2026-01-24,白班,陈强,13.17,17.55,32.21,16.8,10.75,0.0,90.48
P00475,2026-01-24,夜班,李四,11.71,19.0,27.35,17.52,9.01,0.0,84.59
P00476,2026-01-24,夜班,张三,12.3,17.06,25.88,10.2,12.16,0.0,77.6
P00477,2026-01-24,夜班,张三,12.81,20.5,31.81,14.44,9.44,0.0,89.0
P00478,2026-01-24,白班,赵六,11.08,15.56,29.54,17.41,10.59,0.0,84.18
P00479,2026-01-24,夜班,陈强,11.27,14.85,24.99,18.85,10.81,0.0,80.77000000000001
P00480,2026-01-24,夜班,王五,11.68,20.46,24.52,13.86,10.08,0.0,80.6
P00481,2026-01-25,夜班,李四,12.98,20.52,29.45,15.67,9.51,0.0,88.13000000000001
P00482,2026-01-25,白班,王五,10.91,18.73,19.31,16.91,9.6,0.0,75.46
P00483,2026-01-25,白班,陈强,10.64,18.03,19.08,18.64,11.03,0.0,77.42
P00484,2026-01-25,夜班,张三,12.22,24.09,27.68,12.09,9.45,0.0,85.53
P00485,2026-01-25,夜班,陈强,11.92,18.31,29.63,10.64,9.89,0.0,80.39
P00486,2026-01-25,白班,赵六,10.46,20.89,21.7,13.6,9.56,0.0,76.21
P00487,2026-01-25,白班,陈强,12.77,16.89,24.76,16.29,10.48,0.0,81.19000000000001
P00488,2026-01-25,白班,陈强,9.98,19.66,27.01,12.38,8.74,0.0,77.77
P00489,2026-01-25,白班,赵六,15.82,16.34,88.57198302112792,13.44,9.92,0.0,144.0919830211279
P00490,2026-01-25,夜班,李四,13.51,17.63,31.57,13.36,10.29,0.0,86.35999999999999
P00491,2026-01-25,白班,陈强,12.58,17.21,31.43,15.92,9.54,5.26,86.68
P00492,2026-01-25,夜班,李四,11.43,22.72,42.85,14.17,11.61,14.54,102.78
P00493,2026-01-25,夜班,王五,9.38,17.86,24.03,17.6,8.59,0.0,77.46000000000001
P00494,2026-01-25,白班,王五,9.26,20.11,27.13,14.96,10.46,0.0,81.92000000000002
P00495,2026-01-25,白班,赵六,14.99,18.15,30.71,13.94,8.19,0.0,85.98
P00496,2026-01-25,夜班,刘洋,11.5,20.92,36.54,18.43,10.18,0.0,97.57000000000002
P00497,2026-01-25,白班,陈强,10.23,17.77,33.01,16.25,12.56,0.0,89.82
P00498,2026-01-25,夜班,王五,15.18,21.53,25.36,17.91,11.07,0.0,91.05000000000001
P00499,2026-01-25,白班,张三,12.08,16.03,29.04,16.6,10.7,0.0,84.45
P00500,2026-01-25,夜班,李四,9.8,21.0,30.42,11.44,8.19,0.0,80.85
P00501,2026-01-26,白班,陈强,11.26,18.75,30.32,16.14,10.8,0.0,87.27
P00502,2026-01-26,白班,陈强,13.5,15.79,24.29,14.76,9.01,0.0,77.35000000000001
P00503,2026-01-26,白班,刘洋,11.79,16.89,31.43,13.14,9.04,0.0,82.28999999999999
P00504,2026-01-26,白班,赵六,12.63,19.6,26.91,19.45,9.49,0.0,88.08
P00505,2026-01-26,白班,张三,11.06,20.94,26.68,13.77,9.94,0.0,82.39
P00506,2026-01-26,白班,李四,12.86,17.5,174.52180185317636,16.36,11.04,10.73,232.28180185317635
P00507,2026-01-26,白班,刘洋,10.18,17.61,37.48,13.64,9.05,13.33,87.96
P00508,2026-01-26,白班,赵六,12.15,16.05,90.0428021414513,15.21,11.94,0.0,145.3928021414513
P00509,2026-01-26,夜班,王五,14.04,22.51,33.41,13.87,9.14,0.0,92.97
P00510,2026-01-26,白班,陈强,9.93,16.92,28.7,12.43,11.66,0.0,79.63999999999999
P00511,2026-01-26,白班,陈强,14.74,17.44,24.68,13.58,11.47,0.0,81.91
P00512,2026-01-26,夜班,王五,16.15,17.91,30.66,17.41,10.43,0.0,92.56
P00513,2026-01-26,夜班,李四,12.57,22.94,30.31,12.31,10.1,0.0,88.23
P00514,2026-01-26,夜班,刘洋,13.88,21.27,54.93,15.47,8.6,21.41,114.14999999999999
P00515,2026-01-26,白班,张三,10.66,17.98,25.22,14.27,8.23,0.0,76.36
P00516,2026-01-26,白班,陈强,13.4,,24.99,16.62,9.69,0.0,64.7
P00517,2026-01-26,夜班,张三,11.86,16.65,60.03,15.4,10.81,23.98,114.75
P00518,2026-01-26,白班,陈强,13.38,17.49,43.37,14.33,11.63,13.62,100.19999999999999
P00519,2026-01-26,白班,赵六,12.95,19.69,28.48,16.59,10.89,0.0,88.60000000000001
P00520,2026-01-26,白班,张三,11.6,17.92,28.32,17.52,7.99,0.0,83.35
P00521,2026-01-27,白班,陈强,14.86,11.53,29.3,17.6,8.45,0.0,81.74
P00522,2026-01-27,夜班,陈强,11.22,22.91,30.98,13.09,10.38,0.0,88.58
P00523,2026-01-27,白班,赵六,9.71,16.75,26.2,15.55,9.5,0.0,77.71
P00524,2026-01-27,白班,赵六,12.91,15.72,38.52,17.22,9.03,10.7,93.4
P00525,2026-01-27,白班,赵六,12.41,14.9,28.53,15.91,10.86,0.0,82.61
P00526,2026-01-27,白班,张三,10.12,16.65,25.99,14.93,9.17,0.0,76.86
P00527,2026-01-27,白班,李四,11.85,20.84,25.97,14.82,11.16,0.0,84.63999999999999
P00528,2026-01-27,夜班,张三,13.25,20.85,37.67,12.4,10.58,0.0,94.75000000000001
P00529,2026-01-27,白班,陈强,13.53,18.97,30.56,12.96,10.61,0.0,86.63000000000001
P00530,2026-01-27,夜班,张三,12.98,20.16,36.5,13.75,8.76,12.39,92.15
P00531,2026-01-27,白班,李四,9.65,18.61,34.32,13.15,9.36,5.33,85.09
P00532,2026-01-27,白班,李四,11.89,16.95,28.44,14.27,9.75,0.0,81.3
P00533,2026-01-27,夜班,刘洋,12.52,18.12,31.54,15.0,10.12,0.0,87.30000000000001
P00534,2026-01-27,夜班,赵六,11.53,20.56,46.79,14.52,8.6,17.66,101.99999999999999
P00535,2026-01-27,夜班,赵六,9.06,15.82,29.06,17.75,10.14,0.0,81.83
P00536,2026-01-27,白班,张三,13.19,19.31,22.03,13.06,9.8,0.0,77.39
P00537,2026-01-27,夜班,陈强,11.72,17.19,34.11,11.88,8.91,0.0,83.81
P00538,2026-01-27,夜班,王五,12.28,,22.09,18.16,9.65,0.0,62.18
P00539,2026-01-27,白班,赵六,13.14,18.96,31.4,14.6,9.85,0.0,87.94999999999999
P00540,2026-01-27,夜班,刘洋,13.23,16.28,28.97,17.02,9.01,0.0,84.51
P00541,2026-01-28,夜班,王五,10.91,19.84,32.55,16.7,9.47,0.0,89.47
P00542,2026-01-28,夜班,赵六,10.23,21.1,37.68,15.68,9.37,0.0,94.06
P00543,2026-01-28,白班,赵六,14.21,16.41,30.95,12.49,11.4,0.0,85.46000000000001
P00544,2026-01-28,夜班,赵六,9.67,19.25,38.59,13.79,8.56,0.0,89.86000000000001
P00545,2026-01-28,夜班,刘洋,11.75,17.46,30.1,15.58,12.93,0.0,87.82
P00546,2026-01-28,夜班,张三,14.0,20.38,27.27,13.9,9.9,0.0,85.45
P00547,2026-01-28,白班,刘洋,14.42,20.21,53.68,14.23,10.28,20.61,112.82000000000001
P00548,2026-01-28,白班,赵六,14.03,19.65,30.56,16.85,10.38,0.0,91.47
P00549,2026-01-28,白班,张三,10.31,19.23,21.0,15.04,12.16,0.0,77.74
P00550,2026-01-28,夜班,刘洋,9.54,24.44,31.2,14.94,8.8,0.0,88.92
P00551,2026-01-28,白班,刘洋,11.37,16.9,26.29,15.92,10.75,0.0,81.22999999999999
P00552,2026-01-28,夜班,王五,11.38,20.26,20.76,15.78,9.17,0.0,77.35000000000001
P00553,2026-01-28,夜班,赵六,11.4,21.74,25.9,15.1,9.81,0.0,83.95
P00554,2026-01-28,夜班,刘洋,12.4,18.75,26.3,16.6,11.48,0.0,85.53000000000002
P00555,2026-01-28,夜班,李四,11.64,19.23,33.91,13.06,10.35,0.0,88.19
P00556,2026-01-28,白班,刘洋,16.71,21.88,24.91,11.1,8.47,0.0,83.07
P00557,2026-01-28,夜班,张三,15.49,20.2,25.31,13.54,9.92,0.0,84.46
P00558,2026-01-28,夜班,张三,11.16,19.76,27.65,15.37,11.0,0.0,84.94
P00559,2026-01-28,白班,李四,12.91,17.06,45.36,13.08,10.27,23.05,98.67999999999999
P00560,2026-01-28,夜班,刘洋,11.62,16.91,31.62,14.41,10.33,0.0,84.89
P00561,2026-01-29,白班,李四,12.36,18.49,26.71,15.52,11.23,0.0,84.31
P00562,2026-01-29,白班,刘洋,15.21,19.47,22.88,15.74,8.7,0.0,82.0
P00563,2026-01-29,白班,李四,10.1,15.41,38.83,16.83,10.94,7.12,92.11
P00564,2026-01-29,白班,刘洋,12.52,16.03,33.15,14.43,11.11,0.0,87.24
P00565,2026-01-29,白班,李四,11.71,14.05,22.33,13.34,9.77,0.0,71.2
P00566,2026-01-29,夜班,张三,13.72,18.62,27.08,13.63,10.12,0.0,83.17
P00567,2026-01-29,白班,李四,12.55,16.92,44.57,11.01,9.13,19.01,94.18
P00568,2026-01-29,夜班,陈强,12.32,24.14,26.05,17.03,8.77,0.0,88.31
P00569,2026-01-29,夜班,王五,11.38,17.46,30.42,21.0,10.72,0.0,90.98
P00570,2026-01-29,白班,张三,11.91,18.3,25.83,12.15,9.18,0.0,77.37
P00571,2026-01-29,白班,赵六,12.42,18.53,28.89,18.06,8.58,0.0,86.48
P00572,2026-01-29,白班,赵六,10.64,15.32,34.46,,11.1,0.0,71.52
P00573,2026-01-29,白班,陈强,9.62,15.95,26.03,15.19,8.84,0.0,75.63000000000001
P00574,2026-01-29,白班,李四,14.58,20.25,27.62,15.1,9.66,0.0,87.21
P00575,2026-01-29,夜班,王五,11.55,18.44,33.46,14.24,9.56,0.0,87.25
P00576,2026-01-29,白班,李四,13.89,18.87,25.89,12.97,8.71,0.0,80.33000000000001
P00577,2026-01-29,夜班,张三,14.26,17.79,32.38,14.18,9.14,0.0,87.75000000000001
P00578,2026-01-29,白班,刘洋,11.73,19.78,38.58,14.62,8.94,0.0,93.65
P00579,2026-01-29,白班,李四,9.41,16.72,23.17,16.23,11.28,0.0,76.81
P00580,2026-01-29,夜班,赵六,11.7,19.57,29.1,14.76,9.32,0.0,84.45000000000002
P00581,2026-01-30,夜班,陈强,13.73,21.16,28.24,15.43,12.76,0.0,91.32000000000001
P00582,2026-01-30,白班,陈强,12.25,17.43,31.21,14.39,11.38,0.0,86.66
P00583,2026-01-30,白班,刘洋,12.76,18.05,25.91,13.83,11.84,0.0,82.39
P00584,2026-01-30,夜班,王五,12.94,18.7,27.44,16.79,10.02,0.0,85.89
P00585,2026-01-30,白班,王五,12.62,19.39,25.07,15.95,11.02,0.0,84.05
P00586,2026-01-30,白班,王五,11.93,17.38,28.47,14.65,10.57,0.0,83.0
P00587,2026-01-30,夜班,赵六,11.12,21.55,33.64,14.67,9.63,0.0,90.61
P00588,2026-01-30,白班,李四,13.61,16.89,23.18,17.59,10.83,0.0,82.1
P00589,2026-01-30,夜班,赵六,11.74,22.0,37.19,18.07,9.63,0.0,98.63
P00590,2026-01-30,白班,赵六,13.56,18.34,38.4,16.69,13.69,0.0,100.67999999999999
P00591,2026-01-30,白班,张三,12.85,17.22,32.49,18.25,9.29,0.0,90.1
P00592,2026-01-30,夜班,王五,12.11,19.97,46.11,18.24,10.21,12.81,106.63999999999999
P00593,2026-01-30,夜班,刘洋,13.96,19.57,44.39,12.42,10.27,13.77,100.61
P00594,2026-01-30,白班,李四,10.47,22.05,26.62,13.46,9.86,0.0,82.46
P00595,2026-01-30,夜班,陈强,11.83,17.01,27.68,12.37,9.36,0.0,78.25
P00596,2026-01-30,夜班,刘洋,12.39,22.97,37.14,16.46,8.6,0.0,97.56
P00597,2026-01-30,白班,王五,12.43,18.7,35.6,14.43,12.09,0.0,93.25
P00598,2026-01-30,白班,刘洋,13.19,18.73,30.82,15.27,10.65,0.0,88.66000000000001
P00599,2026-01-30,白班,刘洋,10.75,15.1,26.45,13.61,9.46,0.0,75.37
P00600,2026-01-30,白班,赵六,13.48,18.52,29.19,16.24,9.81,0.0,87.24
P00601,2026-01-31,白班,李四,12.34,18.62,25.77,17.44,11.25,0.0,85.42
P00602,2026-01-31,夜班,张三,12.46,20.31,46.24,14.97,9.12,20.35,103.1
P00603,2026-01-31,夜班,赵六,12.19,16.08,23.38,17.12,7.1,0.0,75.86999999999999
P00604,2026-01-31,白班,刘洋,12.47,20.82,20.72,15.65,10.46,0.0,80.12
P00605,2026-01-31,夜班,赵六,15.29,16.06,32.0,13.87,10.19,0.0,87.41
P00606,2026-01-31,夜班,刘洋,12.52,17.97,25.07,14.49,9.65,0.0,79.7
P00607,2026-01-31,白班,陈强,10.13,17.95,26.6,15.91,9.38,0.0,79.97
P00608,2026-01-31,夜班,赵六,10.94,14.41,50.76,19.38,9.98,22.32,105.47
P00609,2026-01-31,白班,张三,13.01,21.34,31.51,12.78,9.99,0.0,88.63
P00610,2026-01-31,白班,赵六,11.09,18.47,34.29,15.24,12.17,0.0,91.25999999999999
P00611,2026-01-31,白班,刘洋,16.04,14.37,29.79,13.32,9.04,0.0,82.56
P00612,2026-01-31,白班,陈强,11.24,19.62,32.95,12.23,8.75,0.0,84.79
P00613,2026-01-31,白班,李四,10.13,17.05,19.72,14.45,11.49,0.0,72.83999999999999
P00614,2026-01-31,白班,陈强,12.83,19.03,22.22,16.45,10.75,0.0,81.28
P00615,2026-01-31,白班,刘洋,13.38,20.09,31.31,18.36,11.24,0.0,94.38
P00616,2026-01-31,夜班,赵六,11.31,20.32,28.14,18.21,9.12,0.0,87.10000000000001
P00617,2026-01-31,白班,刘洋,13.1,17.19,35.18,17.28,9.72,0.0,92.47
P00618,2026-01-31,夜班,王五,10.82,19.36,26.66,13.16,9.51,0.0,79.51
P00619,2026-01-31,白班,陈强,12.06,17.1,21.42,13.7,11.56,0.0,75.84
P00620,2026-01-31,夜班,陈强,11.66,18.04,29.7,,8.39,0.0,67.78999999999999
P00621,2026-02-01,白班,刘洋,12.69,16.45,27.29,13.57,11.24,0.0,81.24
P00622,2026-02-01,夜班,王五,13.73,18.9,27.11,15.56,9.59,0.0,84.89
P00623,2026-02-01,白班,李四,12.41,17.15,28.45,14.26,7.49,0.0,79.75999999999999
P00624,2026-02-01,夜班,赵六,12.58,20.8,35.6,13.03,8.71,0.0,90.72
P00625,2026-02-01,白班,赵六,10.35,20.65,29.22,14.6,7.39,0.0,82.21
P00626,2026-02-01,白班,陈强,14.81,22.01,29.36,10.1,8.82,0.0,85.1
P00627,2026-02-01,白班,赵六,10.97,17.98,37.01,15.29,10.15,0.0,91.4
P00628,2026-02-01,白班,赵六,12.13,22.38,33.92,11.65,10.98,0.0,91.06000000000002
P00629,2026-02-01,夜班,王五,10.03,15.66,28.62,14.73,9.73,0.0,78.77000000000001
P00630,2026-02-01,白班,刘洋,13.03,19.02,35.63,15.41,9.55,0.0,92.64
P00631,2026-02-01,白班,陈强,12.13,18.28,33.44,14.05,8.87,0.0,86.77000000000001
P00632,2026-02-01,夜班,李四,13.19,24.09,26.82,18.46,8.7,0.0,91.26
P00633,2026-02-01,白班,王五,13.89,18.84,27.7,14.04,10.22,0.0,84.69
P00634,2026-02-01,白班,赵六,9.79,20.97,26.63,16.48,8.51,0.0,82.38000000000001
P00635,2026-02-01,白班,王五,11.92,16.16,50.41,13.78,7.55,20.72,99.82
P00636,2026-02-01,白班,刘洋,12.68,17.84,26.3,16.27,8.77,0.0,81.86
P00637,2026-02-01,白班,张三,9.93,20.51,24.59,14.74,10.63,0.0,80.39999999999999
P00638,2026-02-01,白班,陈强,12.88,19.22,27.95,10.06,9.28,0.0,79.39
P00639,2026-02-01,夜班,陈强,12.14,15.89,29.73,13.89,10.52,0.0,82.17
P00640,2026-02-01,白班,王五,11.81,21.55,24.64,18.04,12.19,0.0,88.22999999999999
P00641,2026-02-02,夜班,赵六,10.57,20.39,36.85,16.61,11.17,12.19,95.59
P00642,2026-02-02,夜班,刘洋,14.13,19.51,35.53,14.2,9.76,0.0,93.13000000000001
P00643,2026-02-02,白班,王五,13.68,15.4,31.0,12.94,9.76,0.0,82.78
P00644,2026-02-02,白班,陈强,11.3,16.87,31.12,18.42,11.26,0.0,88.97000000000001
P00645,2026-02-02,白班,陈强,10.83,16.85,25.52,14.96,7.65,0.0,75.81
P00646,2026-02-02,夜班,张三,11.98,22.53,23.39,12.46,8.33,0.0,78.69000000000001
P00647,2026-02-02,夜班,李四,9.15,19.82,30.04,19.11,8.99,0.0,87.11
P00648,2026-02-02,夜班,赵六,13.72,18.91,31.56,18.21,10.35,0.0,92.75
P00649,2026-02-02,白班,刘洋,12.06,18.04,23.9,,11.19,0.0,65.19
P00650,2026-02-02,白班,张三,12.38,18.2,19.91,14.21,10.5,0.0,75.19999999999999
P00651,2026-02-02,夜班,陈强,13.45,19.34,29.26,17.87,8.72,0.0,88.64
P00652,2026-02-02,夜班,李四,11.43,19.27,24.04,16.08,9.14,0.0,79.96
P00653,2026-02-02,白班,刘洋,12.41,18.38,29.81,11.9,11.26,0.0,83.76
P00654,2026-02-02,白班,王五,13.31,18.04,26.29,17.07,10.6,0.0,85.31
P00655,2026-02-02,夜班,赵六,12.58,15.38,27.78,15.03,11.22,0.0,81.99
P00656,2026-02-02,白班,李四,12.9,17.98,24.97,14.9,9.3,0.0,80.05
P00657,2026-02-02,白班,陈强,11.46,18.86,28.6,15.26,9.28,0.0,83.46000000000001
P00658,2026-02-02,白班,张三,13.14,19.85,26.95,13.72,12.32,0.0,85.97999999999999
P00659,2026-02-02,白班,李四,12.59,16.75,26.48,8.98,8.93,0.0,73.72999999999999
P00660,2026-02-02,白班,陈强,10.43,20.08,26.38,13.47,9.39,0.0,79.75
P00661,2026-02-03,白班,张三,13.77,14.67,47.12,14.58,10.48,22.67,100.62
P00662,2026-02-03,夜班,赵六,11.34,19.74,28.03,12.84,12.7,0.0,84.65
P00663,2026-02-03,白班,王五,11.67,19.67,23.81,19.36,9.7,0.0,84.21000000000001
P00664,2026-02-03,白班,陈强,13.21,14.61,26.8,11.28,10.18,0.0,76.08000000000001
P00665,2026-02-03,白班,赵六,11.0,18.22,25.88,12.41,8.3,0.0,75.80999999999999
P00666,2026-02-03,夜班,张三,9.48,21.27,33.72,18.81,10.9,0.0,94.18
P00667,2026-02-03,白班,刘洋,11.25,16.71,23.18,18.16,11.15,0.0,80.45
P00668,2026-02-03,白班,李四,12.97,18.22,27.55,18.29,8.51,0.0,85.54
P00669,2026-02-03,夜班,赵六,10.09,22.72,24.18,14.07,10.61,0.0,81.67
P00670,2026-02-03,夜班,李四,13.57,18.03,28.02,18.12,9.2,0.0,86.94000000000001
P00671,2026-02-03,白班,李四,12.21,21.7,42.05,15.73,11.3,7.83,102.99
P00672,2026-02-03,夜班,张三,10.48,18.9,28.01,13.6,9.56,0.0,80.55
P00673,2026-02-03,夜班,李四,11.38,19.74,31.06,18.54,9.04,0.0,89.75999999999999
P00674,2026-02-03,白班,刘洋,13.02,16.1,24.92,11.89,8.6,0.0,74.53
P00675,2026-02-03,夜班,赵六,11.92,22.97,33.68,17.22,10.24,0.0,96.02999999999999
P00676,2026-02-03,夜班,李四,13.22,17.33,24.11,13.8,10.06,0.0,78.52
P00677,2026-02-03,夜班,赵六,10.65,20.47,28.11,15.79,10.3,0.0,85.32
P00678,2026-02-03,白班,张三,14.25,19.04,26.89,13.08,9.67,0.0,82.93
P00679,2026-02-03,白班,王五,11.35,19.16,47.07,15.74,9.96,19.37,103.28
P00680,2026-02-03,白班,王五,13.32,19.16,29.85,14.54,9.67,0.0,86.54
P00681,2026-02-04,白班,李四,12.83,18.22,24.82,18.36,10.92,0.0,85.14999999999999
P00682,2026-02-04,夜班,赵六,12.07,19.35,30.02,18.51,10.21,0.0,90.16
P00683,2026-02-04,夜班,陈强,11.56,19.05,23.18,14.55,9.56,0.0,77.9
P00684,2026-02-04,白班,赵六,13.42,16.74,25.14,14.52,9.33,0.0,79.14999999999999
P00685,2026-02-04,白班,王五,10.38,19.13,30.78,16.62,10.39,0.0,87.3
P00686,2026-02-04,白班,张三,11.62,20.75,30.66,13.98,12.35,0.0,89.36
P00687,2026-02-04,夜班,李四,9.5,21.12,32.63,12.36,11.34,0.0,86.95
P00688,2026-02-04,夜班,张三,11.08,21.95,31.8,14.52,12.23,0.0,91.58
P00689,2026-02-04,夜班,李四,10.0,16.03,29.05,,10.87,0.0,65.95
P00690,2026-02-04,夜班,刘洋,13.17,18.26,33.97,13.07,11.47,0.0,89.94
P00691,2026-02-04,白班,王五,13.83,14.63,26.09,,9.6,0.0,64.14999999999999
P00692,2026-02-04,夜班,赵六,12.24,21.35,31.73,14.42,10.79,0.0,90.53
P00693,2026-02-04,夜班,刘洋,8.73,20.55,28.06,18.81,8.8,0.0,84.95
P00694,2026-02-04,夜班,王五,8.27,17.64,28.31,16.95,10.17,0.0,81.34
P00695,2026-02-04,白班,赵六,12.24,19.99,26.57,13.5,10.55,0.0,82.85
P00696,2026-02-04,白班,王五,12.47,19.59,29.72,18.62,10.35,0.0,90.75
P00697,2026-02-04,夜班,张三,13.09,,46.66,12.69,9.73,23.34,82.17
P00698,2026-02-04,夜班,陈强,12.21,20.2,22.96,17.77,9.86,0.0,83.0
P00699,2026-02-04,白班,张三,14.32,20.62,23.71,14.3,10.34,0.0,83.29
P00700,2026-02-04,白班,李四,11.08,16.41,105.73723025958668,15.87,10.26,0.0,159.3572302595867
P00701,2026-02-05,白班,赵六,12.09,16.74,28.73,12.22,9.23,0.0,79.01
P00702,2026-02-05,白班,陈强,13.01,15.68,25.06,15.85,8.47,0.0,78.07
P00703,2026-02-05,白班,张三,12.81,20.72,31.24,15.67,9.67,0.0,90.11
P00704,2026-02-05,夜班,陈强,9.92,21.32,53.14,15.41,9.75,23.8,109.53999999999999
P00705,2026-02-05,白班,刘洋,13.48,19.05,28.46,12.83,10.35,0.0,84.17
P00706,2026-02-05,白班,李四,11.89,17.8,24.79,13.71,10.86,0.0,79.05
P00707,2026-02-05,夜班,李四,10.63,20.26,18.78,12.04,7.53,0.0,69.24
P00708,2026-02-05,白班,刘洋,12.25,15.4,29.84,17.36,9.81,0.0,84.66
P00709,2026-02-05,白班,陈强,13.1,16.8,23.94,14.46,10.43,0.0,78.73000000000002
P00710,2026-02-05,夜班,刘洋,14.05,15.73,35.5,15.05,9.23,5.34,89.56
P00711,2026-02-05,白班,王五,9.74,,21.0,12.4,9.9,0.0,53.04
P00712,2026-02-05,白班,陈强,12.54,19.38,20.8,12.37,10.76,0.0,75.85000000000001
P00713,2026-02-05,夜班,张三,13.08,19.29,27.71,13.81,9.61,0.0,83.5
P00714,2026-02-05,白班,刘洋,14.82,18.12,31.23,13.54,9.63,0.0,87.34
P00715,2026-02-05,白班,赵六,13.75,19.59,28.42,14.03,10.16,0.0,85.95
P00716,2026-02-05,白班,王五,11.68,16.61,26.41,13.2,8.65,0.0,76.55000000000001
P00717,2026-02-05,白班,王五,13.77,19.22,21.67,16.78,8.75,0.0,80.19
P00718,2026-02-05,白班,王五,10.76,18.97,47.75,15.21,7.47,17.52,100.16
P00719,2026-02-05,白班,赵六,12.36,17.31,36.5,16.93,9.63,0.0,92.72999999999999
P00720,2026-02-05,白班,张三,13.74,22.18,22.95,15.49,9.75,0.0,84.11
P00721,2026-02-06,夜班,陈强,11.8,19.48,28.35,11.26,8.89,0.0,79.78
P00722,2026-02-06,夜班,刘洋,10.45,21.62,27.05,11.97,8.0,0.0,79.09
P00723,2026-02-06,夜班,刘洋,11.23,18.7,24.29,17.26,10.82,0.0,82.30000000000001
P00724,2026-02-06,夜班,赵六,14.17,21.84,29.06,16.7,10.05,0.0,91.82
P00725,2026-02-06,夜班,赵六,14.74,21.62,31.61,16.09,13.64,0.0,97.7
P00726,2026-02-06,白班,刘洋,11.49,19.77,33.11,13.98,9.02,0.0,87.37
P00727,2026-02-06,白班,陈强,8.97,18.84,30.44,14.91,10.39,0.0,83.55
P00728,2026-02-06,白班,陈强,15.95,14.28,28.4,12.52,10.44,0.0,81.58999999999999
P00729,2026-02-06,夜班,王五,11.98,21.41,29.47,17.06,10.99,0.0,90.91
P00730,2026-02-06,夜班,陈强,12.27,20.82,31.77,15.92,11.56,0.0,92.34
P00731,2026-02-06,白班,刘洋,12.88,18.23,26.0,12.6,8.86,0.0,78.57
P00732,2026-02-06,白班,王五,11.22,20.04,28.88,14.63,9.63,0.0,84.39999999999999
P00733,2026-02-06,白班,刘洋,11.54,17.99,27.42,12.0,9.64,0.0,78.59
P00734,2026-02-06,白班,王五,12.76,14.73,32.6,,10.52,0.0,70.61
P00735,2026-02-06,白班,陈强,9.22,17.06,27.21,14.63,9.11,0.0,77.23
P00736,2026-02-06,夜班,李四,13.03,21.06,34.34,13.26,10.46,0.0,92.15
P00737,2026-02-06,白班,陈强,11.68,19.44,20.35,16.32,8.82,0.0,76.60999999999999
P00738,2026-02-06,夜班,赵六,12.96,19.4,33.7,14.01,9.89,0.0,89.96000000000001
P00739,2026-02-06,白班,刘洋,12.77,18.24,30.43,13.63,7.94,0.0,83.00999999999999
P00740,2026-02-06,白班,张三,13.21,16.53,24.66,13.61,11.27,0.0,79.28
P00741,2026-02-07,夜班,王五,13.14,20.49,28.02,16.52,9.27,0.0,87.43999999999998
P00742,2026-02-07,夜班,赵六,12.22,20.26,37.78,15.05,9.37,0.0,94.68
P00743,2026-02-07,白班,张三,13.26,17.98,25.67,16.38,11.74,0.0,85.03
P00744,2026-02-07,白班,赵六,13.31,15.84,22.36,13.46,11.09,0.0,76.06
P00745,2026-02-07,白班,张三,9.92,17.57,23.68,15.15,10.77,0.0,77.09
P00746,2026-02-07,白班,刘洋,11.72,15.95,26.62,15.42,10.26,0.0,79.97000000000001
P00747,2026-02-07,夜班,张三,16.3,18.95,25.67,14.57,9.61,0.0,85.10000000000001
P00748,2026-02-07,白班,李四,13.07,16.15,28.87,12.86,11.65,0.0,82.60000000000001
P00749,2026-02-07,白班,李四,10.47,15.89,34.22,13.97,9.27,0.0,83.82
P00750,2026-02-07,夜班,张三,12.81,22.01,21.66,12.46,9.66,0.0,78.6
P00751,2026-02-07,白班,李四,14.32,20.52,24.86,13.7,8.45,0.0,81.85000000000001
P00752,2026-02-07,夜班,刘洋,14.14,22.66,29.41,,9.09,0.0,75.3
P00753,2026-02-07,夜班,李四,14.83,21.33,25.48,15.96,10.32,0.0,87.91999999999999
P00754,2026-02-07,白班,王五,12.57,17.3,29.85,13.15,8.36,0.0,81.23
P00755,2026-02-07,白班,陈强,13.64,21.14,28.94,14.12,9.76,0.0,87.60000000000001
P00756,2026-02-07,白班,陈强,10.16,17.74,24.9,17.0,8.23,0.0,78.03
P00757,2026-02-07,白班,张三,12.35,19.46,34.51,13.88,10.28,0.0,90.47999999999999
P00758,2026-02-07,白班,刘洋,12.01,18.98,23.46,12.39,9.69,0.0,76.53
P00759,2026-02-07,白班,李四,11.99,19.02,26.65,15.88,11.55,0.0,85.08999999999999
P00760,2026-02-07,白班,王五,12.54,17.85,26.08,13.12,8.38,0.0,77.97
P00761,2026-02-08,白班,王五,10.53,14.27,32.49,17.41,9.27,0.0,83.97
P00762,2026-02-08,白班,刘洋,13.72,18.95,20.51,16.76,10.39,0.0,80.33000000000001
P00763,2026-02-08,白班,赵六,11.14,14.03,24.28,15.7,7.6,0.0,72.75
P00764,2026-02-08,白班,赵六,12.61,16.81,19.85,14.8,10.25,0.0,74.32
P00765,2026-02-08,白班,刘洋,11.17,19.01,23.74,12.79,10.71,0.0,77.42000000000002
P00766,2026-02-08,白班,张三,14.92,19.33,27.18,13.37,9.76,0.0,84.56
P00767,2026-02-08,白班,陈强,11.08,19.53,28.85,12.92,8.19,0.0,80.57
P00768,2026-02-08,夜班,刘洋,11.29,21.63,26.23,14.07,11.1,0.0,84.32
P00769,2026-02-08,夜班,刘洋,13.37,20.3,79.0848627637084,17.91,9.95,0.0,140.6148627637084
P00770,2026-02-08,白班,李四,12.54,17.52,34.19,13.13,8.51,0.0,85.89
P00771,2026-02-08,白班,张三,9.81,14.19,24.0,16.58,9.72,0.0,74.3
P00772,2026-02-08,白班,刘洋,11.64,19.46,29.0,17.36,8.19,0.0,85.65
P00773,2026-02-08,白班,张三,11.85,17.52,27.56,13.65,12.29,0.0,82.87
P00774,2026-02-08,白班,李四,12.55,16.4,29.67,17.89,10.5,0.0,87.01
P00775,2026-02-08,白班,李四,11.94,20.11,27.42,17.69,7.48,0.0,84.64
P00776,2026-02-08,白班,陈强,9.86,19.8,53.92,16.9,10.08,23.87,110.55999999999999
P00777,2026-02-08,白班,李四,14.67,17.51,28.27,13.44,9.89,0.0,83.78
P00778,2026-02-08,白班,刘洋,11.05,17.54,33.64,15.17,8.32,0.0,85.72
P00779,2026-02-08,夜班,李四,12.92,18.09,47.87,16.9,9.54,13.03,105.32
P00780,2026-02-08,夜班,李四,13.12,22.01,26.62,15.49,10.23,0.0,87.47
P00781,2026-02-09,夜班,陈强,11.9,22.16,27.7,12.51,9.66,0.0,83.93
P00782,2026-02-09,夜班,刘洋,12.12,20.56,29.28,15.52,11.53,0.0,89.01
P00783,2026-02-09,白班,张三,10.75,15.11,28.27,14.94,9.55,0.0,78.61999999999999
P00784,2026-02-09,夜班,李四,11.86,22.51,41.91,18.11,11.18,14.36,105.57
P00785,2026-02-09,夜班,王五,10.13,17.64,33.18,13.71,11.36,0.0,86.02
P00786,2026-02-09,白班,赵六,11.78,19.78,33.88,13.95,11.32,0.0,90.71000000000001
P00787,2026-02-09,白班,陈强,13.02,20.59,26.46,16.59,10.86,0.0,87.52
P00788,2026-02-09,白班,张三,11.95,18.09,28.75,17.86,12.96,0.0,89.61000000000001
P00789,2026-02-09,白班,张三,12.51,19.41,28.27,16.86,8.91,0.0,85.96
P00790,2026-02-09,白班,李四,11.87,16.66,26.57,15.14,9.82,0.0,80.06
P00791,2026-02-09,白班,李四,12.21,22.44,28.5,14.03,11.54,0.0,88.72
P00792,2026-02-09,白班,刘洋,11.75,21.16,25.21,14.38,8.87,0.0,81.37
P00793,2026-02-09,白班,赵六,13.15,20.26,24.52,14.98,9.4,0.0,82.31000000000002
P00794,2026-02-09,白班,王五,11.42,16.53,23.24,13.34,8.57,0.0,73.1
P00795,2026-02-09,白班,陈强,13.26,19.19,26.07,15.27,8.72,0.0,82.51
P00796,2026-02-09,白班,李四,10.0,20.86,35.18,15.67,11.24,0.0,92.94999999999999
P00797,2026-02-09,白班,王五,12.99,,40.66,13.69,9.0,12.61,76.34
P00798,2026-02-09,夜班,刘洋,12.57,18.41,23.32,12.71,8.66,0.0,75.66999999999999
P00799,2026-02-09,夜班,张三,12.75,18.42,31.91,13.72,8.44,0.0,85.24
P00800,2026-02-09,白班,李四,10.4,19.51,28.3,16.59,9.08,0.0,83.88000000000001
P00801,2026-02-10,夜班,张三,13.63,15.56,23.91,15.69,9.22,0.0,78.01
P00802,2026-02-10,白班,陈强,11.98,18.64,33.37,13.89,9.32,0.0,87.19999999999999
P00803,2026-02-10,白班,李四,13.87,19.9,24.18,15.48,10.23,0.0,83.66
P00804,2026-02-10,白班,李四,10.45,17.99,39.64,19.32,6.8,12.81,94.2
P00805,2026-02-10,夜班,赵六,10.11,16.58,34.04,15.24,11.61,0.0,87.58
P00806,2026-02-10,白班,王五,10.27,21.66,27.42,14.99,9.23,0.0,83.57000000000001
P00807,2026-02-10,白班,李四,11.13,19.72,24.95,13.6,10.32,0.0,79.72
P00808,2026-02-10,夜班,刘洋,10.19,16.55,24.61,13.79,7.45,0.0,72.59
P00809,2026-02-10,白班,陈强,12.03,18.73,29.24,14.46,8.2,0.0,82.66000000000001
P00810,2026-02-10,白班,赵六,9.64,18.14,30.9,17.0,7.89,0.0,83.57000000000001
P00811,2026-02-10,白班,李四,9.08,16.3,32.07,11.99,12.86,0.0,82.3
P00812,2026-02-10,白班,刘洋,13.07,19.86,25.72,14.81,11.18,0.0,84.63999999999999
P00813,2026-02-10,白班,陈强,8.93,13.78,26.14,14.15,11.34,0.0,74.34
P00814,2026-02-10,夜班,刘洋,9.98,20.3,34.42,18.18,10.6,0.0,93.47999999999999
P00815,2026-02-10,夜班,陈强,11.41,19.45,29.26,12.29,9.57,0.0,81.97999999999999
P00816,2026-02-10,白班,张三,12.08,19.8,26.39,14.77,8.28,0.0,81.32000000000001
P00817,2026-02-10,白班,刘洋,13.0,15.77,27.23,14.11,10.52,0.0,80.63
P00818,2026-02-10,白班,赵六,15.86,17.36,27.28,17.27,11.65,0.0,89.42
P00819,2026-02-10,白班,赵六,12.8,18.52,32.97,15.54,8.82,0.0,88.64999999999998
P00820,2026-02-10,白班,陈强,9.61,16.37,49.42,14.59,9.94,17.2,99.93
P00821,2026-02-11,白班,赵六,9.9,19.82,24.52,17.96,9.21,0.0,81.41
P00822,2026-02-11,白班,陈强,11.2,18.48,119.09114972288019,,7.94,10.94,156.71114972288018
P00823,2026-02-11,夜班,王五,10.89,16.12,27.61,14.52,7.6,0.0,76.74
P00824,2026-02-11,白班,赵六,13.34,17.0,27.65,16.26,9.74,0.0,83.99
P00825,2026-02-11,夜班,刘洋,10.25,18.47,37.28,14.58,10.07,0.0,90.65
P00826,2026-02-11,夜班,张三,11.65,18.85,24.57,15.07,10.63,0.0,80.77
P00827,2026-02-11,夜班,赵六,14.05,18.53,24.36,17.51,9.82,0.0,84.27000000000001
P00828,2026-02-11,夜班,张三,10.38,20.17,24.73,16.3,10.62,0.0,82.2
P00829,2026-02-11,白班,刘洋,12.32,16.7,21.25,18.74,9.58,0.0,78.58999999999999
P00830,2026-02-11,夜班,张三,11.59,19.37,23.21,18.01,10.78,0.0,82.96000000000001
P00831,2026-02-11,白班,赵六,10.51,15.86,33.87,16.97,9.04,0.0,86.25
P00832,2026-02-11,夜班,李四,11.96,19.93,30.33,15.77,11.22,0.0,89.21
P00833,2026-02-11,夜班,陈强,9.38,19.38,27.73,12.86,8.17,0.0,77.52
P00834,2026-02-11,白班,陈强,12.9,16.64,24.38,15.79,10.85,0.0,80.56
P00835,2026-02-11,白班,张三,11.18,21.86,28.43,16.68,11.81,0.0,89.96000000000001
P00836,2026-02-11,夜班,王五,9.28,20.81,26.48,14.54,9.82,0.0,80.92999999999998
P00837,2026-02-11,夜班,王五,9.02,19.88,30.93,17.09,8.98,0.0,85.9
P00838,2026-02-11,白班,赵六,10.72,16.36,24.29,14.81,11.55,0.0,77.72999999999999
P00839,2026-02-11,夜班,王五,14.55,20.03,30.29,16.71,10.18,0.0,91.76000000000002
P00840,2026-02-11,夜班,赵六,10.01,18.79,27.13,17.62,12.47,0.0,86.02
P00841,2026-02-12,白班,张三,8.69,19.54,32.05,11.82,8.43,0.0,80.53
P00842,2026-02-12,白班,陈强,12.87,16.63,25.97,10.03,9.4,0.0,74.9
P00843,2026-02-12,夜班,刘洋,15.08,21.12,29.53,14.38,8.87,0.0,88.98
P00844,2026-02-12,白班,刘洋,11.84,16.87,35.46,15.04,9.14,0.0,88.35000000000001
P00845,2026-02-12,夜班,刘洋,11.75,17.65,35.58,11.5,6.41,0.0,82.88999999999999
P00846,2026-02-12,白班,李四,11.49,18.49,47.47,16.01,9.88,23.66,103.33999999999999
P00847,2026-02-12,夜班,赵六,10.76,21.62,35.48,15.22,10.78,0.0,93.86
P00848,2026-02-12,夜班,李四,11.85,20.99,26.19,15.82,8.78,0.0,83.63
P00849,2026-02-12,夜班,王五,12.37,17.25,32.87,16.0,9.74,0.0,88.22999999999999
P00850,2026-02-12,白班,陈强,12.77,17.6,24.64,15.2,10.74,0.0,80.95
P00851,2026-02-12,夜班,张三,12.32,18.18,26.37,18.28,10.27,0.0,85.42
P00852,2026-02-12,白班,陈强,11.21,13.99,29.58,13.65,7.67,0.0,76.10000000000001
P00853,2026-02-12,白班,刘洋,10.36,19.74,28.93,18.1,10.59,0.0,87.72
P00854,2026-02-12,白班,刘洋,13.09,18.42,26.4,13.47,10.09,0.0,81.47
P00855,2026-02-12,夜班,陈强,13.31,19.93,32.9,18.23,8.95,0.0,93.32000000000001
P00856,2026-02-12,白班,张三,11.28,19.64,31.91,17.44,7.52,0.0,87.78999999999999
P00857,2026-02-12,夜班,陈强,12.13,24.02,22.79,16.86,9.08,0.0,84.88
P00858,2026-02-12,夜班,陈强,11.53,17.48,25.99,17.46,9.77,0.0,82.23
P00859,2026-02-12,白班,赵六,11.83,15.97,34.41,15.26,9.22,0.0,86.69
P00860,2026-02-12,白班,陈强,12.27,18.18,25.84,17.91,9.83,0.0,84.03
P00861,2026-02-13,夜班,张三,11.54,19.34,30.43,11.93,8.53,0.0,81.77000000000001
P00862,2026-02-13,白班,刘洋,12.46,18.96,28.8,11.68,9.01,0.0,80.91000000000001
P00863,2026-02-13,白班,赵六,12.66,17.51,24.55,15.6,8.48,0.0,78.8
P00864,2026-02-13,白班,李四,11.76,18.67,19.59,13.29,9.58,0.0,72.89
P00865,2026-02-13,夜班,赵六,11.81,22.66,27.09,14.48,10.31,0.0,86.35000000000001
P00866,2026-02-13,夜班,刘洋,15.41,17.9,35.38,13.86,10.72,0.0,93.27
P00867,2026-02-13,白班,王五,14.44,18.6,23.57,12.71,7.78,0.0,77.1
P00868,2026-02-13,白班,张三,10.68,15.71,29.27,13.87,11.56,0.0,81.09
P00869,2026-02-13,白班,刘洋,11.44,14.06,24.26,14.14,11.78,0.0,75.68
P00870,2026-02-13,白班,赵六,11.07,19.2,25.69,16.33,10.86,0.0,83.14999999999999
P00871,2026-02-13,白班,陈强,14.5,15.12,21.92,14.4,6.59,0.0,72.53
P00872,2026-02-13,白班,刘洋,11.49,19.72,32.93,19.08,9.83,0.0,93.05
P00873,2026-02-13,夜班,赵六,10.48,19.87,28.11,14.32,11.59,0.0,84.37
P00874,2026-02-13,夜班,王五,9.8,17.31,29.67,15.98,10.53,0.0,83.29
P00875,2026-02-13,白班,刘洋,12.61,14.68,35.31,14.34,10.0,0.0,86.94
P00876,2026-02-13,白班,陈强,10.36,,24.04,11.58,9.34,0.0,55.31999999999999
P00877,2026-02-13,夜班,刘洋,13.35,24.29,30.2,11.98,9.26,0.0,89.08000000000001
P00878,2026-02-13,白班,张三,11.96,17.39,24.92,15.16,10.09,0.0,79.52000000000001
P00879,2026-02-13,白班,陈强,12.45,17.83,23.42,14.66,10.24,0.0,78.6
P00880,2026-02-13,夜班,刘洋,10.11,18.55,28.27,13.22,10.38,0.0,80.53
P00881,2026-02-14,夜班,陈强,9.28,16.65,31.84,14.16,9.93,0.0,81.85999999999999
P00882,2026-02-14,白班,赵六,9.64,16.04,25.99,14.69,10.13,0.0,76.49
P00883,2026-02-14,夜班,赵六,10.09,19.55,32.4,13.47,11.61,0.0,87.12
P00884,2026-02-14,夜班,陈强,14.05,18.54,28.56,15.45,10.32,0.0,86.92000000000002
P00885,2026-02-14,白班,赵六,13.69,18.02,25.52,16.64,9.52,0.0,83.39
P00886,2026-02-14,白班,张三,15.42,16.76,21.26,19.95,9.31,0.0,82.7
P00887,2026-02-14,白班,李四,10.73,17.11,25.64,14.95,11.3,0.0,79.73
P00888,2026-02-14,白班,陈强,11.81,18.79,25.67,14.34,9.19,0.0,79.8
P00889,2026-02-14,夜班,赵六,13.22,18.02,34.03,18.18,9.43,0.0,92.88000000000002
P00890,2026-02-14,白班,李四,11.72,14.84,22.7,14.41,8.47,0.0,72.14
P00891,2026-02-14,白班,赵六,12.85,20.91,34.12,13.18,11.11,0.0,92.17
P00892,2026-02-14,白班,陈强,11.58,21.2,23.18,17.71,9.52,0.0,83.19
P00893,2026-02-14,夜班,李四,12.21,24.36,30.46,17.97,8.89,0.0,93.89
P00894,2026-02-14,白班,王五,10.82,16.18,25.37,13.8,11.15,0.0,77.32000000000001
P00895,2026-02-14,白班,陈强,13.79,18.51,23.8,16.31,9.96,0.0,82.37
P00896,2026-02-14,白班,李四,12.12,15.49,23.9,15.49,7.86,0.0,74.86
P00897,2026-02-14,夜班,李四,13.83,17.47,31.8,18.45,10.97,0.0,92.52
P00898,2026-02-14,白班,赵六,13.71,18.87,24.12,14.87,9.08,0.0,80.65
P00899,2026-02-14,夜班,陈强,11.39,17.28,33.97,14.45,11.84,0.0,88.93
P00900,2026-02-14,夜班,赵六,12.76,19.1,33.64,15.25,9.38,0.0,90.13
P00901,2026-02-15,夜班,刘洋,13.96,17.41,32.62,13.15,10.34,0.0,87.48
P00902,2026-02-15,夜班,陈强,11.92,21.75,24.46,16.71,7.93,0.0,82.77000000000001
P00903,2026-02-15,白班,刘洋,12.3,21.12,26.7,16.97,10.24,0.0,87.33
P00904,2026-02-15,白班,赵六,12.29,21.92,31.4,15.94,8.04,0.0,89.59
P00905,2026-02-15,夜班,赵六,11.11,15.73,30.14,14.92,8.94,0.0,80.84
P00906,2026-02-15,夜班,陈强,13.99,20.08,31.69,,13.35,0.0,79.11
P00907,2026-02-15,白班,张三,10.78,14.29,25.55,14.35,9.06,0.0,74.03
P00908,2026-02-15,白班,李四,13.66,18.59,25.26,13.33,10.19,0.0,81.03
P00909,2026-02-15,白班,赵六,11.66,19.68,33.35,17.72,10.43,0.0,92.84
P00910,2026-02-15,白班,王五,10.48,18.64,25.63,16.7,9.78,0.0,81.23
P00911,2026-02-15,夜班,王五,14.08,19.44,50.75,15.31,10.63,10.87,110.21000000000001
P00912,2026-02-15,白班,刘洋,12.65,17.39,27.02,12.55,10.0,0.0,79.61
P00913,2026-02-15,夜班,张三,13.99,18.32,32.69,14.28,10.31,0.0,89.59
P00914,2026-02-15,白班,李四,12.99,15.92,22.91,14.31,10.12,0.0,76.25
P00915,2026-02-15,白班,李四,14.71,17.38,21.88,16.32,10.96,0.0,81.25
P00916,2026-02-15,白班,陈强,10.52,21.89,27.3,11.44,9.65,0.0,80.8
P00917,2026-02-15,夜班,陈强,11.73,18.09,25.81,16.83,10.65,0.0,83.11
P00918,2026-02-15,夜班,王五,10.53,21.12,28.46,14.76,8.99,0.0,83.86
P00919,2026-02-15,夜班,刘洋,12.2,14.45,32.8,17.27,11.39,0.0,88.11
P00920,2026-02-15,夜班,刘洋,13.6,18.5,30.38,14.64,9.91,0.0,87.03
P00921,2026-02-16,夜班,刘洋,12.98,18.8,30.64,14.68,10.55,0.0,87.64999999999999
P00922,2026-02-16,白班,陈强,11.34,21.56,52.86,11.36,9.07,21.77,106.19
P00923,2026-02-16,夜班,陈强,10.78,21.12,37.46,13.95,7.38,0.0,90.69
P00924,2026-02-16,白班,张三,11.8,19.85,17.2,14.6,11.96,0.0,75.41
P00925,2026-02-16,夜班,李四,14.33,18.49,23.98,15.34,9.44,0.0,81.58
P00926,2026-02-16,夜班,陈强,9.17,18.64,28.84,16.56,10.05,0.0,83.26
P00927,2026-02-16,白班,王五,11.55,17.05,29.2,17.62,9.15,0.0,84.57000000000001
P00928,2026-02-16,白班,陈强,12.41,20.03,37.4,16.27,10.07,0.0,96.18
P00929,2026-02-16,白班,李四,10.66,16.16,25.61,14.84,9.88,0.0,77.14999999999999
P00930,2026-02-16,白班,刘洋,12.1,21.63,29.87,14.31,10.09,0.0,88.0
P00931,2026-02-16,白班,赵六,12.32,15.44,42.17,14.5,8.87,0.0,93.30000000000001
P00932,2026-02-16,夜班,李四,11.06,20.84,30.16,12.64,11.42,0.0,86.12
P00933,2026-02-16,夜班,赵六,13.88,18.49,28.9,18.4,10.86,0.0,90.52999999999999
P00934,2026-02-16,白班,赵六,12.79,15.97,30.11,16.11,12.69,0.0,87.66999999999999
P00935,2026-02-16,夜班,张三,11.58,19.44,37.19,15.42,10.47,0.0,94.10000000000001
P00936,2026-02-16,白班,李四,12.91,19.86,27.43,14.41,9.13,0.0,83.74
P00937,2026-02-16,夜班,李四,12.54,21.32,28.9,16.9,9.33,0.0,88.99
P00938,2026-02-16,夜班,王五,12.09,21.42,27.39,15.19,11.43,0.0,87.52000000000001
P00939,2026-02-16,白班,刘洋,11.73,17.88,32.01,17.93,9.14,0.0,88.69
P00940,2026-02-16,夜班,赵六,13.36,18.56,27.27,12.86,10.36,0.0,82.41
P00941,2026-02-17,夜班,赵六,13.11,21.58,38.63,13.87,9.34,14.27,96.53
P00942,2026-02-17,白班,陈强,13.3,20.91,29.41,12.53,9.81,0.0,85.96000000000001
P00943,2026-02-17,夜班,刘洋,12.0,16.47,34.57,17.19,10.62,0.0,90.85000000000001
P00944,2026-02-17,夜班,张三,11.25,22.42,33.93,15.87,9.09,0.0,92.56
P00945,2026-02-17,白班,赵六,13.54,22.45,29.31,14.97,8.98,0.0,89.25
P00946,2026-02-17,白班,张三,11.49,16.61,33.41,15.07,10.96,5.36,87.53999999999999
P00947,2026-02-17,夜班,刘洋,12.14,15.93,34.05,16.25,8.78,0.0,87.15
P00948,2026-02-17,白班,王五,13.09,15.69,20.21,15.8,7.68,0.0,72.47
P00949,2026-02-17,白班,刘洋,12.02,17.72,30.22,10.78,9.49,0.0,80.22999999999999
P00950,2026-02-17,白班,刘洋,11.93,15.54,33.7,17.63,10.68,0.0,89.47999999999999
P00951,2026-02-17,夜班,张三,11.86,17.66,31.86,15.22,7.89,0.0,84.49
P00952,2026-02-17,白班,刘洋,11.69,17.71,32.99,14.54,11.53,0.0,88.46000000000001
P00953,2026-02-17,白班,王五,10.89,15.71,29.0,16.17,9.66,0.0,81.43
P00954,2026-02-17,夜班,刘洋,10.23,14.52,27.33,15.36,12.56,0.0,80.0
P00955,2026-02-17,夜班,李四,12.77,14.28,25.78,,9.59,0.0,62.42
P00956,2026-02-17,白班,陈强,12.99,17.77,21.96,13.51,9.48,0.0,75.71000000000001
P00957,2026-02-17,白班,李四,12.19,17.93,29.29,16.25,8.2,5.9,83.86
P00958,2026-02-17,白班,刘洋,12.84,17.1,30.46,15.18,9.71,0.0,85.29000000000002
P00959,2026-02-17,白班,李四,13.79,15.08,30.37,14.86,8.9,0.0,83.0
P00960,2026-02-17,夜班,刘洋,13.92,21.47,39.83,15.76,11.42,0.0,102.4
P00961,2026-02-18,夜班,陈强,14.16,16.0,31.64,14.63,11.06,0.0,87.49
P00962,2026-02-18,白班,赵六,13.26,18.19,33.4,18.16,9.06,0.0,92.07
P00963,2026-02-18,白班,陈强,10.98,18.26,24.8,12.42,9.88,0.0,76.34
P00964,2026-02-18,夜班,赵六,12.34,15.48,28.76,14.98,9.89,0.0,81.45
P00965,2026-02-18,夜班,赵六,11.09,20.39,29.28,15.85,10.9,0.0,87.51
P00966,2026-02-18,白班,张三,11.49,15.37,26.99,16.35,7.5,0.0,77.69999999999999
P00967,2026-02-18,夜班,李四,11.8,16.75,26.4,11.33,10.52,0.0,76.8
P00968,2026-02-18,夜班,李四,14.24,18.2,27.77,16.21,9.9,0.0,86.32
P00969,2026-02-18,夜班,王五,11.68,21.53,30.78,14.22,10.62,0.0,88.83000000000001
P00970,2026-02-18,夜班,刘洋,13.04,18.86,27.83,15.31,10.57,0.0,85.60999999999999
P00971,2026-02-18,白班,张三,11.51,18.03,20.64,13.58,9.33,0.0,73.09
P00972,2026-02-18,白班,陈强,14.13,17.48,41.71,15.1,7.73,12.79,96.14999999999999
P00973,2026-02-18,白班,刘洋,11.68,14.67,29.92,15.41,12.38,0.0,84.06
P00974,2026-02-18,白班,李四,10.44,18.46,31.99,16.99,11.67,0.0,89.55
P00975,2026-02-18,夜班,赵六,13.95,20.37,33.65,15.77,8.39,0.0,92.13
P00976,2026-02-18,白班,李四,14.15,19.13,29.91,13.24,12.84,0.0,89.27
P00977,2026-02-18,白班,李四,12.55,17.29,50.59,17.55,8.27,19.43,106.25
P00978,2026-02-18,白班,李四,12.21,16.59,29.33,17.47,11.13,0.0,86.72999999999999
P00979,2026-02-18,白班,王五,11.58,20.23,22.01,13.42,9.81,0.0,77.05000000000001
P00980,2026-02-18,夜班,刘洋,11.64,20.38,29.62,12.79,8.29,0.0,82.72
P00981,2026-02-19,夜班,赵六,12.88,19.93,35.34,13.67,11.07,0.0,92.89000000000001
P00982,2026-02-19,白班,张三,12.04,21.24,25.66,15.59,9.53,0.0,84.06
P00983,2026-02-19,夜班,王五,13.87,19.28,31.35,13.14,9.69,0.0,87.33
P00984,2026-02-19,夜班,陈强,11.86,17.4,36.79,18.59,8.66,6.66,93.3
P00985,2026-02-19,白班,赵六,12.3,17.37,33.64,17.29,8.86,0.0,89.46
P00986,2026-02-19,夜班,李四,11.82,22.31,27.9,18.19,11.06,0.0,91.28
P00987,2026-02-19,白班,赵六,12.63,17.75,38.47,16.17,10.0,0.0,95.02
P00988,2026-02-19,夜班,王五,14.75,20.74,32.46,14.94,10.31,0.0,93.19999999999999
P00989,2026-02-19,白班,陈强,11.49,16.87,30.81,16.13,9.88,0.0,85.17999999999999
P00990,2026-02-19,夜班,刘洋,8.96,19.68,31.04,14.45,10.54,0.0,84.66999999999999
P00991,2026-02-19,白班,陈强,10.66,17.88,23.21,16.69,9.13,0.0,77.57
P00992,2026-02-19,夜班,张三,12.73,18.68,33.73,13.48,10.02,0.0,88.64
P00993,2026-02-19,白班,李四,9.16,12.86,43.38,15.01,11.91,16.43,92.32000000000001
P00994,2026-02-19,夜班,李四,9.37,19.27,30.06,15.54,8.52,0.0,82.76
P00995,2026-02-19,白班,赵六,12.61,17.23,32.09,11.48,10.05,0.0,83.46000000000001
P00996,2026-02-19,白班,刘洋,9.63,13.3,29.08,9.71,11.47,0.0,73.19
P00997,2026-02-19,夜班,刘洋,11.58,15.75,31.71,13.11,9.54,0.0,81.69
P00998,2026-02-19,白班,刘洋,9.9,14.41,31.76,13.88,9.17,0.0,79.12
P00999,2026-02-19,白班,陈强,11.0,20.37,28.1,14.76,10.44,0.0,84.67
P01000,2026-02-19,夜班,王五,11.87,17.98,32.49,14.91,8.43,0.0,85.68
